split,case,audit,eval_gt,target,frame,proposal_source,geom_d_norm,geom_d_px,p_separated,p_ambiguous,p_contact,contact_score,motion_any_video,motion_trace,motion_column,roi_dir,pre_12,post_12,order_factor_12,future_score_12,ordered_score_12,pre_24,post_24,order_factor_24,future_score_24,ordered_score_24,pre_36,post_36,order_factor_36,future_score_36,ordered_score_36,event_p_separated,event_p_ambiguous,event_p_contact,contact_event_score
PRIMARY9,Cosmos3_seed101_0023,NO_CONTACT,0.0,yellow cube,33,TEMPORAL_BIN,3.184159340237721,61.99772262573242,0.3198759431604963,0.6798277743007166,0.000296282538787,34.021016968914545,1,/shared/ssd_30T/zhuoyingyang/physact/sam3_robowm/motion_primary9_hybrid_veto_v1/Cosmos3_seed101_0023_hybrid_trace.csv,hybrid_candidate,/shared/ssd_30T/zhuoyingyang/physact/sam3_robowm/vlm_contact_oracle9/whole_video_causal_v1/candidate_rois/PRIMARY9/Cosmos3_seed101_0023/frame_0033,0,0,0.0,0.0,0.0,0,0,0.0,0.0,0.0,1,0,0.0,0.0,0.0,0.999615331430179,0.0002612586988646745,0.00012340987095630916,0.025403922038864643
PRIMARY9,Cosmos3_seed101_0023,NO_CONTACT,0.0,yellow cube,52,TEMPORAL_BIN,2.3080577292021123,44.86390686035156,0.4999812145078993,0.4999812145078993,3.757098420143668e-05,25.00281782381511,1,/shared/ssd_30T/zhuoyingyang/physact/sam3_robowm/motion_primary9_hybrid_veto_v1/Cosmos3_seed101_0023_hybrid_trace.csv,hybrid_candidate,/shared/ssd_30T/zhuoyingyang/physact/sam3_robowm/vlm_contact_oracle9/whole_video_causal_v1/candidate_rois/PRIMARY9/Cosmos3_seed101_0023/frame_0052,0,0,0.0,0.0,0.0,0,0,0.0,0.0,0.0,0,1,1.0,25.00281782381511,25.00281782381511,0.9998834107014326,5.8294649283760845e-05,5.8294649283760845e-05,0.008744197392564127
PRIMARY9,Cosmos3_seed101_0023,NO_CONTACT,0.0,yellow cube,95,TEMPORAL_BIN,1.4895983881004973,29.064298629760746,0.8524356203356447,0.1475535908572603,1.0788807094955482e-05,7.378758423572511,1,/shared/ssd_30T/zhuoyingyang/physact/sam3_robowm/motion_primary9_hybrid_veto_v1/Cosmos3_seed101_0023_hybrid_trace.csv,hybrid_candidate,/shared/ssd_30T/zhuoyingyang/physact/sam3_robowm/vlm_contact_oracle9/whole_video_causal_v1/candidate_rois/PRIMARY9/Cosmos3_seed101_0023/frame_0095,1,1,0.5,7.378758423572511,3.689379211786256,1,1,0.5,7.378758423572511,3.689379211786256,1,1,0.5,7.378758423572511,3.689379211786256,0.9999837256931164,6.1442127049821185e-06,1.0130094178409989e-05,0.0013202200530901048
PRIMARY9,Cosmos3_seed101_0023,NO_CONTACT,0.0,yellow cube,117,GLOBAL_CLOSEST,0.6553369434027239,12.829299926757812,0.1193867075378861,0.8804338018068809,0.000179490655233,44.03963915586734,1,/shared/ssd_30T/zhuoyingyang/physact/sam3_robowm/motion_primary9_hybrid_veto_v1/Cosmos3_seed101_0023_hybrid_trace.csv,hybrid_candidate,/shared/ssd_30T/zhuoyingyang/physact/sam3_robowm/vlm_contact_oracle9/whole_video_causal_v1/candidate_rois/PRIMARY9/Cosmos3_seed101_0023/frame_0117,0,1,1.0,44.03963915586734,44.03963915586734,1,1,0.5,44.03963915586734,22.01981957793367,1,1,0.5,44.03963915586734,22.01981957793367,0.9999092001590805,4.539992045988511e-05,4.539992045988511e-05,0.006809988068982767
PRIMARY9,Cosmos3_seed101_0023,NO_CONTACT,0.0,yellow cube,126,TEMPORAL_BIN,0.278972546494155,5.477200031280518,0.0018114144570569,0.7293508435270477,0.2688377420158954,63.351316377941934,1,/shared/ssd_30T/zhuoyingyang/physact/sam3_robowm/motion_primary9_hybrid_veto_v1/Cosmos3_seed101_0023_hybrid_trace.csv,hybrid_candidate,/shared/ssd_30T/zhuoyingyang/physact/sam3_robowm/vlm_contact_oracle9/whole_video_causal_v1/candidate_rois/PRIMARY9/Cosmos3_seed101_0023/frame_0126,1,1,0.5,63.351316377941934,31.675658188970967,1,1,0.5,63.351316377941934,31.675658188970967,1,1,0.5,63.351316377941934,31.675658188970967,0.9922742341992892,0.0024785902340503456,0.005247175566660595,0.6486470683685768
PRIMARY9,Cosmos3_seed101_0023,NO_CONTACT,0.0,yellow cube,129,TEMPORAL_BIN+GLOBAL_CLOSEST,0.0,0.0,0.0007560952913742,0.8171018075537401,0.1821420971548856,59.06930009317557,1,/shared/ssd_30T/zhuoyingyang/physact/sam3_robowm/motion_primary9_hybrid_veto_v1/Cosmos3_seed101_0023_hybrid_trace.csv,hybrid_candidate,/shared/ssd_30T/zhuoyingyang/physact/sam3_robowm/vlm_contact_oracle9/whole_video_causal_v1/candidate_rois/PRIMARY9/Cosmos3_seed101_0023/frame_0129,1,1,0.5,59.06930009317557,29.534650046587785,1,1,0.5,59.06930009317557,29.534650046587785,1,1,0.5,59.06930009317557,29.534650046587785,0.99363468034739,0.003182659826305054,0.003182659826305054,0.47739897394575814
PRIMARY9,Cosmos3_seed101_0023,NO_CONTACT,0.0,yellow cube,141,GLOBAL_CLOSEST,0.0,0.0,0.0138258529191757,0.9723482941616484,0.0138258529191757,49.99999999999999,1,/shared/ssd_30T/zhuoyingyang/physact/sam3_robowm/motion_primary9_hybrid_veto_v1/Cosmos3_seed101_0023_hybrid_trace.csv,hybrid_candidate,/shared/ssd_30T/zhuoyingyang/physact/sam3_robowm/vlm_contact_oracle9/whole_video_causal_v1/candidate_rois/PRIMARY9/Cosmos3_seed101_0023/frame_0141,1,1,0.5,49.99999999999999,25.0,1,1,0.5,49.99999999999999,25.0,1,1,0.5,49.99999999999999,25.0,0.9991385146905716,0.0004307426547142387,0.0004307426547142387,0.06461139820713581
PRIMARY9,Cosmos3_seed101_0023,NO_CONTACT,0.0,yellow cube,153,GLOBAL_CLOSEST,0.0,0.0,0.0005525514802237,0.7765322715104747,0.2229151770093015,61.11813127645389,1,/shared/ssd_30T/zhuoyingyang/physact/sam3_robowm/motion_primary9_hybrid_veto_v1/Cosmos3_seed101_0023_hybrid_trace.csv,hybrid_candidate,/shared/ssd_30T/zhuoyingyang/physact/sam3_robowm/vlm_contact_oracle9/whole_video_causal_v1/candidate_rois/PRIMARY9/Cosmos3_seed101_0023/frame_0153,1,1,0.5,61.11813127645389,30.559065638226947,1,1,0.5,61.11813127645389,30.559065638226947,1,1,0.5,61.11813127645389,30.559065638226947,0.9846141531568677,0.00864956154143685,0.0067362853016953265,1.1061066072413752
PRIMARY9,Cosmos3_seed101_0023,NO_CONTACT,0.0,yellow cube,158,TEMPORAL_BIN,0.0,0.0,0.0004053661325765,0.4376460202956149,0.5619486135718087,78.07716237196162,1,/shared/ssd_30T/zhuoyingyang/physact/sam3_robowm/motion_primary9_hybrid_veto_v1/Cosmos3_seed101_0023_hybrid_trace.csv,hybrid_candidate,/shared/ssd_30T/zhuoyingyang/physact/sam3_robowm/vlm_contact_oracle9/whole_video_causal_v1/candidate_rois/PRIMARY9/Cosmos3_seed101_0023/frame_0158,1,1,0.5,78.07716237196162,39.03858118598081,1,1,0.5,78.07716237196162,39.03858118598081,1,1,0.5,78.07716237196162,39.03858118598081,0.9784613051536944,0.01076934742315273,0.01076934742315273,1.6154021134729093
PRIMARY9,Cosmos3_seed101_0023,NO_CONTACT,0.0,yellow cube,165,GLOBAL_CLOSEST,0.0,0.0,0.0007331105472637,0.6224615450148062,0.37680534443793,68.8036116945333,1,/shared/ssd_30T/zhuoyingyang/physact/sam3_robowm/motion_primary9_hybrid_veto_v1/Cosmos3_seed101_0023_hybrid_trace.csv,hybrid_candidate,/shared/ssd_30T/zhuoyingyang/physact/sam3_robowm/vlm_contact_oracle9/whole_video_causal_v1/candidate_rois/PRIMARY9/Cosmos3_seed101_0023/frame_0165,1,1,0.5,68.8036116945333,34.40180584726665,1,1,0.5,68.8036116945333,34.40180584726665,1,1,0.5,68.8036116945333,34.40180584726665,0.9943386464256491,0.002478673631645067,0.003182679942705974,0.44220167585285075
PRIMARY9,Cosmos3_seed101_0023,NO_CONTACT,0.0,yellow cube,177,GLOBAL_CLOSEST,0.0,0.0,0.0014112964807789,0.7296431994883713,0.2689455040308497,63.37671037750354,1,/shared/ssd_30T/zhuoyingyang/physact/sam3_robowm/motion_primary9_hybrid_veto_v1/Cosmos3_seed101_0023_hybrid_trace.csv,hybrid_candidate,/shared/ssd_30T/zhuoyingyang/physact/sam3_robowm/vlm_contact_oracle9/whole_video_causal_v1/candidate_rois/PRIMARY9/Cosmos3_seed101_0023/frame_0177,1,1,0.5,63.37671037750354,31.68835518875177,1,1,0.5,63.37671037750354,31.68835518875177,1,1,0.5,63.37671037750354,31.68835518875177,0.9976582639124781,0.0011708680437610252,0.0011708680437610252,0.17563020656415376
PRIMARY9,Cosmos3_seed102_0022,NO_CONTACT,0.0,brown paper cup,3,TEMPORAL_BIN+GLOBAL_CLOSEST,1.9627044365966877,85.13545227050781,0.9999646011037928,3.535749683475079e-05,4.1399372485998155e-08,0.0017720147789861,1,/shared/ssd_30T/zhuoyingyang/physact/sam3_robowm/motion_primary9_hybrid_veto_v1/Cosmos3_seed102_0022_hybrid_trace.csv,hybrid_candidate,/shared/ssd_30T/zhuoyingyang/physact/sam3_robowm/vlm_contact_oracle9/whole_video_causal_v1/candidate_rois/PRIMARY9/Cosmos3_seed102_0022/frame_0003,1,0,0.0,0.0,0.0,1,0,0.0,0.0,0.0,1,0,0.0,0.0,0.0,0.9999981007672556,8.315287258506625e-07,1.0677040186982236e-06,0.00014834683816235549
PRIMARY9,Cosmos3_seed102_0022,NO_CONTACT,0.0,brown paper cup,60,TEMPORAL_BIN+GLOBAL_CLOSEST,1.958300063376032,85.00904846191406,0.9992896408377148,0.0007101736233491,1.855389362699061e-07,0.0355272350610862,1,/shared/ssd_30T/zhuoyingyang/physact/sam3_robowm/motion_primary9_hybrid_veto_v1/Cosmos3_seed102_0022_hybrid_trace.csv,hybrid_candidate,/shared/ssd_30T/zhuoyingyang/physact/sam3_robowm/vlm_contact_oracle9/whole_video_causal_v1/candidate_rois/PRIMARY9/Cosmos3_seed102_0022/frame_0060,0,0,0.0,0.0,0.0,0,0,0.0,0.0,0.0,0,0,0.0,0.0,0.0,0.9999972580815008,1.3709592496662685e-06,1.3709592496662685e-06,0.00020564388744994026
PRIMARY9,Cosmos3_seed102_0022,NO_CONTACT,0.0,brown paper cup,74,TEMPORAL_BIN,1.9696747947140476,85.42334747314453,0.9997385969787688,0.0002612585232256,1.4449800576401066e-07,0.0130773759618588,1,/shared/ssd_30T/zhuoyingyang/physact/sam3_robowm/motion_primary9_hybrid_veto_v1/Cosmos3_seed102_0022_hybrid_trace.csv,hybrid_candidate,/shared/ssd_30T/zhuoyingyang/physact/sam3_robowm/vlm_contact_oracle9/whole_video_causal_v1/candidate_rois/PRIMARY9/Cosmos3_seed102_0022/frame_0074,0,0,0.0,0.0,0.0,0,0,0.0,0.0,0.0,0,0,0.0,0.0,0.0,0.9999978645919577,1.0677040210928753e-06,1.0677040210928753e-06,0.00016015560316393128
PRIMARY9,Cosmos3_seed102_0022,NO_CONTACT,0.0,brown paper cup,103,TEMPORAL_BIN,1.980400992467216,85.837646484375,0.9999415928008816,5.829466394346913e-05,1.1253517512967429e-07,0.0029259867146864,1,/shared/ssd_30T/zhuoyingyang/physact/sam3_robowm/motion_primary9_hybrid_veto_v1/Cosmos3_seed102_0022_hybrid_trace.csv,hybrid_candidate,/shared/ssd_30T/zhuoyingyang/physact/sam3_robowm/vlm_contact_oracle9/whole_video_causal_v1/candidate_rois/PRIMARY9/Cosmos3_seed102_0022/frame_0103,0,0,0.0,0.0,0.0,0,0,0.0,0.0,0.0,0,0,0.0,0.0,0.0,0.999996868694328,1.7603464659052512e-06,1.3709592061239897e-06,0.00022511324390766155
PRIMARY9,Cosmos3_seed102_0022,NO_CONTACT,0.0,brown paper cup,139,GLOBAL_CLOSEST,1.035759421022214,44.82880783081055,0.9947488388279426,0.0052474345784128,3.7265936447155695e-06,0.2627443882851116,1,/shared/ssd_30T/zhuoyingyang/physact/sam3_robowm/motion_primary9_hybrid_veto_v1/Cosmos3_seed102_0022_hybrid_trace.csv,hybrid_candidate,/shared/ssd_30T/zhuoyingyang/physact/sam3_robowm/vlm_contact_oracle9/whole_video_causal_v1/candidate_rois/PRIMARY9/Cosmos3_seed102_0022/frame_0139,0,0,0.0,0.0,0.0,0,1,1.0,0.2627443882851116,0.2627443882851116,0,1,1.0,0.2627443882851116,0.2627443882851116,0.9999933710268997,3.726652901955405e-06,2.902320198278193e-06,0.00047656466492558954
PRIMARY9,Cosmos3_seed102_0022,NO_CONTACT,0.0,brown paper cup,154,TEMPORAL_BIN+GLOBAL_CLOSEST,0.6007019376888256,26.016706466674805,0.9240547122958068,0.075925139238851,2.014846534214677e-05,3.798271808476768,1,/shared/ssd_30T/zhuoyingyang/physact/sam3_robowm/motion_primary9_hybrid_veto_v1/Cosmos3_seed102_0022_hybrid_trace.csv,hybrid_candidate,/shared/ssd_30T/zhuoyingyang/physact/sam3_robowm/vlm_contact_oracle9/whole_video_causal_v1/candidate_rois/PRIMARY9/Cosmos3_seed102_0022/frame_0154,0,1,1.0,3.798271808476768,3.798271808476768,0,1,1.0,3.798271808476768,3.798271808476768,0,1,1.0,3.798271808476768,3.798271808476768,0.9999731682058812,1.6701700622160594e-05,1.0130093496681966e-05,0.0018480943807762263
PRIMARY9,Cosmos3_seed102_0022,NO_CONTACT,0.0,brown paper cup,166,TEMPORAL_BIN+GLOBAL_CLOSEST,0.0246276717164186,0.9549999833106996,0.0111070174798091,0.987389811163647,0.0015031713565439,49.519807693836746,1,/shared/ssd_30T/zhuoyingyang/physact/sam3_robowm/motion_primary9_hybrid_veto_v1/Cosmos3_seed102_0022_hybrid_trace.csv,hybrid_candidate,/shared/ssd_30T/zhuoyingyang/physact/sam3_robowm/vlm_contact_oracle9/whole_video_causal_v1/candidate_rois/PRIMARY9/Cosmos3_seed102_0022/frame_0166,1,1,0.5,49.519807693836746,24.759903846918373,1,1,0.5,49.519807693836746,24.759903846918373,1,1,0.5,49.519807693836746,24.759903846918373,0.992926934399463,0.006737619288389393,0.00033544631214768155,0.3704255956342378
PRIMARY9,Cosmos3_seed102_0022,NO_CONTACT,0.0,brown paper cup,178,GLOBAL_CLOSEST,1.7227320045047392,37.56800079345703,0.0065307801384543,0.97067455739856,0.0227946624629857,50.813194116226576,1,/shared/ssd_30T/zhuoyingyang/physact/sam3_robowm/motion_primary9_hybrid_veto_v1/Cosmos3_seed102_0022_hybrid_trace.csv,hybrid_candidate,/shared/ssd_30T/zhuoyingyang/physact/sam3_robowm/vlm_contact_oracle9/whole_video_causal_v1/candidate_rois/PRIMARY9/Cosmos3_seed102_0022/frame_0178,1,0,0.0,0.0,0.0,1,0,0.0,0.0,0.0,1,0,0.0,0.0,0.0,0.9900800832074563,0.006737396183087978,0.0031825206094557384,0.6551218700999727
PRIMARY9,Cosmos3_seed101_0025,NO_CONTACT,0.0,yellow cube,29,TEMPORAL_BIN,2.1723234955669937,35.11730194091797,0.9822352939955956,0.0177568145958563,7.891408547998247e-06,0.8886298706476168,1,/shared/ssd_30T/zhuoyingyang/physact/sam3_robowm/motion_primary9_hybrid_veto_v1/Cosmos3_seed101_0025_hybrid_trace.csv,hybrid_candidate,/shared/ssd_30T/zhuoyingyang/physact/sam3_robowm/vlm_contact_oracle9/whole_video_causal_v1/candidate_rois/PRIMARY9/Cosmos3_seed101_0025/frame_0029,0,0,0.0,0.0,0.0,0,0,0.0,0.0,0.0,0,0,0.0,0.0,0.0,0.9999850847892205,4.785117324367831e-06,1.0130093455180294e-05,0.001252265211736421
PRIMARY9,Cosmos3_seed101_0025,NO_CONTACT,0.0,yellow cube,61,TEMPORAL_BIN,0.1657142664491388,2.738600015640259,0.1821104763833179,0.8177581567661724,0.0001313668505096,40.90104452335958,1,/shared/ssd_30T/zhuoyingyang/physact/sam3_robowm/motion_primary9_hybrid_veto_v1/Cosmos3_seed101_0025_hybrid_trace.csv,hybrid_candidate,/shared/ssd_30T/zhuoyingyang/physact/sam3_robowm/vlm_contact_oracle9/whole_video_causal_v1/candidate_rois/PRIMARY9/Cosmos3_seed101_0025/frame_0061,0,1,1.0,40.90104452335958,40.90104452335958,0,1,1.0,40.90104452335958,40.90104452335958,0,1,1.0,40.90104452335958,40.90104452335958,0.9999063478538166,3.5357493904471636e-05,5.829465227895252e-05,0.007597339923118834
PRIMARY9,Cosmos3_seed101_0025,NO_CONTACT,0.0,yellow cube,67,TEMPORAL_BIN+GLOBAL_CLOSEST,0.0,0.0,0.0177561538105437,0.9813598193457403,0.0008840268437158,49.15639365165861,1,/shared/ssd_30T/zhuoyingyang/physact/sam3_robowm/motion_primary9_hybrid_veto_v1/Cosmos3_seed101_0025_hybrid_trace.csv,hybrid_candidate,/shared/ssd_30T/zhuoyingyang/physact/sam3_robowm/vlm_contact_oracle9/whole_video_causal_v1/candidate_rois/PRIMARY9/Cosmos3_seed101_0025/frame_0067,0,1,1.0,49.15639365165861,49.15639365165861,0,1,1.0,49.15639365165861,49.15639365165861,0,1,1.0,49.15639365165861,49.15639365165861,0.999329074585767,0.00033546270711643205,0.00033546270711643205,0.0503194060674648
PRIMARY9,Cosmos3_seed101_0025,NO_CONTACT,0.0,yellow cube,90,GLOBAL_CLOSEST,0.0,0.0,0.0014575053553892,0.9847140688526002,0.0138284257920106,50.61854602183108,1,/shared/ssd_30T/zhuoyingyang/physact/sam3_robowm/motion_primary9_hybrid_veto_v1/Cosmos3_seed101_0025_hybrid_trace.csv,hybrid_candidate,/shared/ssd_30T/zhuoyingyang/physact/sam3_robowm/vlm_contact_oracle9/whole_video_causal_v1/candidate_rois/PRIMARY9/Cosmos3_seed101_0025/frame_0090,0,0,0.0,0.0,0.0,1,1,0.5,50.61854602183108,25.30927301091554,1,1,0.5,50.61854602183108,25.30927301091554,0.9943386464256491,0.002478673631645067,0.003182679942705974,0.44220167585285075
PRIMARY9,Cosmos3_seed101_0025,NO_CONTACT,0.0,yellow cube,103,TEMPORAL_BIN+GLOBAL_CLOSEST,0.0,0.0,0.0005896835398901,0.4997051582300549,0.4997051582300549,74.95577373450824,1,/shared/ssd_30T/zhuoyingyang/physact/sam3_robowm/motion_primary9_hybrid_veto_v1/Cosmos3_seed101_0025_hybrid_trace.csv,hybrid_candidate,/shared/ssd_30T/zhuoyingyang/physact/sam3_robowm/vlm_contact_oracle9/whole_video_causal_v1/candidate_rois/PRIMARY9/Cosmos3_seed101_0025/frame_0103,0,1,1.0,74.95577373450824,74.95577373450824,0,1,1.0,74.95577373450824,74.95577373450824,1,1,0.5,74.95577373450824,37.47788686725412,0.9085978509244804,0.01667408492212833,0.07472806415339125,8.306510661445541
PRIMARY9,Cosmos3_seed101_0025,NO_CONTACT,0.0,yellow cube,115,GLOBAL_CLOSEST,0.0,0.0,0.0002612724911966,0.970468858913464,0.0292698685953393,51.45042980520714,1,/shared/ssd_30T/zhuoyingyang/physact/sam3_robowm/motion_primary9_hybrid_veto_v1/Cosmos3_seed101_0025_hybrid_trace.csv,hybrid_candidate,/shared/ssd_30T/zhuoyingyang/physact/sam3_robowm/vlm_contact_oracle9/whole_video_causal_v1/candidate_rois/PRIMARY9/Cosmos3_seed101_0025/frame_0115,1,1,0.5,51.45042980520714,25.72521490260357,1,1,0.5,51.45042980520714,25.72521490260357,1,1,0.5,51.45042980520714,25.72521490260357,0.9895061416797004,0.0052469291601497155,0.0052469291601497155,0.7870393740224573
PRIMARY9,Cosmos3_seed101_0025,NO_CONTACT,0.0,yellow cube,153,TEMPORAL_BIN,0.1236993413403982,1.909999966621399,0.0019304308075428,0.9978083137923496,0.0002612554001074,49.91654122962824,1,/shared/ssd_30T/zhuoyingyang/physact/sam3_robowm/motion_primary9_hybrid_veto_v1/Cosmos3_seed101_0025_hybrid_trace.csv,hybrid_candidate,/shared/ssd_30T/zhuoyingyang/physact/sam3_robowm/vlm_contact_oracle9/whole_video_causal_v1/candidate_rois/PRIMARY9/Cosmos3_seed101_0025/frame_0153,0,1,1.0,49.91654122962824,49.91654122962824,0,1,1.0,49.91654122962824,49.91654122962824,1,1,0.5,49.91654122962824,24.95827061481412,0.9968986928893709,0.001930437549933696,0.0011708695606953243,0.2136088335662172
PRIMARY9,Cosmos3_seed101_0025,NO_CONTACT,0.0,yellow cube,158,TEMPORAL_BIN+GLOBAL_CLOSEST,0.0,0.0,0.0009411366105542,0.6223319617912191,0.3767269015982266,68.78928824938362,1,/shared/ssd_30T/zhuoyingyang/physact/sam3_robowm/motion_primary9_hybrid_veto_v1/Cosmos3_seed101_0025_hybrid_trace.csv,hybrid_candidate,/shared/ssd_30T/zhuoyingyang/physact/sam3_robowm/vlm_contact_oracle9/whole_video_causal_v1/candidate_rois/PRIMARY9/Cosmos3_seed101_0025/frame_0158,1,1,0.5,68.78928824938362,34.39464412469181,1,1,0.5,68.78928824938362,34.39464412469181,1,1,0.5,68.78928824938362,34.39464412469181,0.9181313735377693,0.03584400850536734,0.046024617956863245,6.394662220954691
PRIMARY9,Cosmos3_seed101_0025,NO_CONTACT,0.0,yellow cube,170,GLOBAL_CLOSEST,0.0,0.0,0.0039614280435011,0.9732421275365628,0.0227964444199361,50.94175081882175,1,/shared/ssd_30T/zhuoyingyang/physact/sam3_robowm/motion_primary9_hybrid_veto_v1/Cosmos3_seed101_0025_hybrid_trace.csv,hybrid_candidate,/shared/ssd_30T/zhuoyingyang/physact/sam3_robowm/vlm_contact_oracle9/whole_video_causal_v1/candidate_rois/PRIMARY9/Cosmos3_seed101_0025/frame_0170,1,1,0.5,50.94175081882175,25.47087540941088,1,1,0.5,50.94175081882175,25.47087540941088,1,1,0.5,50.94175081882175,25.47087540941088,0.9915700617781783,0.003182644514193629,0.0052472937076281125,0.6838615964724927
PRIMARY9,Cosmos3_seed102_0014,NO_CONTACT,0.0,white cup,3,TEMPORAL_BIN,4.088295489262819,138.432861328125,0.9999037758038845,9.611166093057802e-05,1.1253518510400513e-07,0.0048168365650393,1,/shared/ssd_30T/zhuoyingyang/physact/sam3_robowm/motion_primary9_hybrid_veto_v1/Cosmos3_seed102_0014_hybrid_trace.csv,hybrid_candidate,/shared/ssd_30T/zhuoyingyang/physact/sam3_robowm/vlm_contact_oracle9/whole_video_causal_v1/candidate_rois/PRIMARY9/Cosmos3_seed102_0014/frame_0003,1,0,0.0,0.0,0.0,1,0,0.0,0.0,0.0,1,0,0.0,0.0,0.0,0.9999987048096985,6.475951508182941e-07,6.475951508182941e-07,9.713927262274413e-05
PRIMARY9,Cosmos3_seed102_0014,NO_CONTACT,0.0,white cup,56,TEMPORAL_BIN,4.203545842151259,142.41433715820312,0.9999037028069462,9.611165391404588e-05,1.8553913983805602e-07,0.0048241366096861,1,/shared/ssd_30T/zhuoyingyang/physact/sam3_robowm/motion_primary9_hybrid_veto_v1/Cosmos3_seed102_0014_hybrid_trace.csv,hybrid_candidate,/shared/ssd_30T/zhuoyingyang/physact/sam3_robowm/vlm_contact_oracle9/whole_video_causal_v1/candidate_rois/PRIMARY9/Cosmos3_seed102_0014/frame_0056,0,0,0.0,0.0,0.0,0,0,0.0,0.0,0.0,0,0,0.0,0.0,0.0,0.999996868694328,1.3709592061239897e-06,1.7603464659052512e-06,0.00024458260689672463
PRIMARY9,Cosmos3_seed102_0014,NO_CONTACT,0.0,white cup,95,TEMPORAL_BIN,3.1803073577601864,107.73251342773438,0.9968158971359814,0.0031827319259827,1.3709380357691763e-06,0.1592736901027162,1,/shared/ssd_30T/zhuoyingyang/physact/sam3_robowm/motion_primary9_hybrid_veto_v1/Cosmos3_seed102_0014_hybrid_trace.csv,hybrid_candidate,/shared/ssd_30T/zhuoyingyang/physact/sam3_robowm/vlm_contact_oracle9/whole_video_causal_v1/candidate_rois/PRIMARY9/Cosmos3_seed102_0014/frame_0095,0,0,0.0,0.0,0.0,0,0,0.0,0.0,0.0,0,0,0.0,0.0,0.0,0.999990129134243,6.144212497450288e-06,3.72665325949313e-06,0.0006798759508218273
PRIMARY9,Cosmos3_seed102_0014,NO_CONTACT,0.0,white cup,106,GLOBAL_CLOSEST,2.23057507089213,75.44508361816406,0.9040912206103368,0.0958973088360257,1.147055363753708e-05,4.796012497165038,1,/shared/ssd_30T/zhuoyingyang/physact/sam3_robowm/motion_primary9_hybrid_veto_v1/Cosmos3_seed102_0014_hybrid_trace.csv,hybrid_candidate,/shared/ssd_30T/zhuoyingyang/physact/sam3_robowm/vlm_contact_oracle9/whole_video_causal_v1/candidate_rois/PRIMARY9/Cosmos3_seed102_0014/frame_0106,0,0,0.0,0.0,0.0,0,0,0.0,0.0,0.0,0,0,0.0,0.0,0.0,0.9999378983765715,4.539992455414856e-05,1.6701698874205816e-05,0.00394016611512801
PRIMARY9,Cosmos3_seed102_0014,NO_CONTACT,0.0,white cup,118,GLOBAL_CLOSEST,0.6203958191268631,21.01000022888184,0.0231477939910064,0.9767288246839804,0.0001233813250129,48.84877936670032,1,/shared/ssd_30T/zhuoyingyang/physact/sam3_robowm/motion_primary9_hybrid_veto_v1/Cosmos3_seed102_0014_hybrid_trace.csv,hybrid_candidate,/shared/ssd_30T/zhuoyingyang/physact/sam3_robowm/vlm_contact_oracle9/whole_video_causal_v1/candidate_rois/PRIMARY9/Cosmos3_seed102_0014/frame_0118,0,0,0.0,0.0,0.0,0,0,0.0,0.0,0.0,0,0,0.0,0.0,0.0,0.9997832440751724,0.00015846127831421148,5.829464651354452e-05,0.013752528567065027
PRIMARY9,Cosmos3_seed102_0014,NO_CONTACT,0.0,white cup,126,TEMPORAL_BIN,0.3942505965181235,13.369999885559082,0.011107262505598,0.988557327229748,0.0003354102646538,49.4614073879528,1,/shared/ssd_30T/zhuoyingyang/physact/sam3_robowm/motion_primary9_hybrid_veto_v1/Cosmos3_seed102_0014_hybrid_trace.csv,hybrid_candidate,/shared/ssd_30T/zhuoyingyang/physact/sam3_robowm/vlm_contact_oracle9/whole_video_causal_v1/candidate_rois/PRIMARY9/Cosmos3_seed102_0014/frame_0126,0,0,0.0,0.0,0.0,0,0,0.0,0.0,0.0,0,0,0.0,0.0,0.0,0.9990161732065233,0.00043074248924230153,0.0005530843042344613,0.07684555488556122
PRIMARY9,Cosmos3_seed102_0014,NO_CONTACT,0.0,white cup,130,GLOBAL_CLOSEST,0.3666484088841831,12.414999961853027,0.0015034310588452,0.9969931378823094,0.0015034310588452,50.0,1,/shared/ssd_30T/zhuoyingyang/physact/sam3_robowm/motion_primary9_hybrid_veto_v1/Cosmos3_seed102_0014_hybrid_trace.csv,hybrid_candidate,/shared/ssd_30T/zhuoyingyang/physact/sam3_robowm/vlm_contact_oracle9/whole_video_causal_v1/candidate_rois/PRIMARY9/Cosmos3_seed102_0014/frame_0130,0,0,0.0,0.0,0.0,0,0,0.0,0.0,0.0,0,1,1.0,50.0,50.0,0.9976582639124781,0.0011708680437610252,0.0011708680437610252,0.17563020656415376
PRIMARY9,Cosmos3_seed102_0014,NO_CONTACT,0.0,white cup,145,TEMPORAL_BIN+GLOBAL_CLOSEST,0.0283457290127832,0.9549999833106996,0.0005036319347047,0.9235736895822464,0.0759226784830489,53.77095232741721,1,/shared/ssd_30T/zhuoyingyang/physact/sam3_robowm/motion_primary9_hybrid_veto_v1/Cosmos3_seed102_0014_hybrid_trace.csv,hybrid_candidate,/shared/ssd_30T/zhuoyingyang/physact/sam3_robowm/vlm_contact_oracle9/whole_video_causal_v1/candidate_rois/PRIMARY9/Cosmos3_seed102_0014/frame_0145,0,0,0.0,0.0,0.0,0,1,1.0,53.77095232741721,53.77095232741721,0,1,1.0,53.77095232741721,53.77095232741721,0.9432544624214222,0.028372768789288808,0.028372768789288808,4.255915318393321
PRIMARY9,Cosmos3_seed102_0014,NO_CONTACT,0.0,white cup,166,TEMPORAL_BIN+GLOBAL_CLOSEST,0.0,0.0,0.0014112964807789,0.7296431994883713,0.2689455040308497,63.37671037750354,1,/shared/ssd_30T/zhuoyingyang/physact/sam3_robowm/motion_primary9_hybrid_veto_v1/Cosmos3_seed102_0014_hybrid_trace.csv,hybrid_candidate,/shared/ssd_30T/zhuoyingyang/physact/sam3_robowm/vlm_contact_oracle9/whole_video_causal_v1/candidate_rois/PRIMARY9/Cosmos3_seed102_0014/frame_0166,1,1,0.5,63.37671037750354,31.68835518875177,1,1,0.5,63.37671037750354,31.68835518875177,1,1,0.5,63.37671037750354,31.68835518875177,0.8917020842043363,0.07355363757350511,0.03474427822215858,7.1521097008911125
PRIMARY9,Cosmos3_seed102_0014,NO_CONTACT,0.0,white cup,178,GLOBAL_CLOSEST,0.0,0.0,0.0001487251741774,0.2689014230102583,0.7309498518155642,86.54005633206934,1,/shared/ssd_30T/zhuoyingyang/physact/sam3_robowm/motion_primary9_hybrid_veto_v1/Cosmos3_seed102_0014_hybrid_trace.csv,hybrid_candidate,/shared/ssd_30T/zhuoyingyang/physact/sam3_robowm/vlm_contact_oracle9/whole_video_causal_v1/candidate_rois/PRIMARY9/Cosmos3_seed102_0014/frame_0178,1,1,0.5,86.54005633206934,43.27002816603467,1,1,0.5,86.54005633206934,43.27002816603467,1,1,0.5,86.54005633206934,43.27002816603467,0.7824207122868564,0.1354342579132993,0.08214502979984437,14.9862158756494
PRIMARY9,Cosmos3_seed103_0037,NO_CONTACT,0.0,white tape roll,33,TEMPORAL_BIN,1.1079491731592876,40.66471481323242,0.9857380351920688,0.0142613173451252,6.474628057891916e-07,0.7131306135368396,1,/shared/ssd_30T/zhuoyingyang/physact/sam3_robowm/motion_primary9_hybrid_veto_v1/Cosmos3_seed103_0037_hybrid_trace.csv,hybrid_candidate,/shared/ssd_30T/zhuoyingyang/physact/sam3_robowm/vlm_contact_oracle9/whole_video_causal_v1/candidate_rois/PRIMARY9/Cosmos3_seed103_0037/frame_0033,0,0,0.0,0.0,0.0,0,0,0.0,0.0,0.0,0,0,0.0,0.0,0.0,0.9999948373503738,2.902320302241175e-06,2.2603293241094636e-06,0.0003711489475230051
PRIMARY9,Cosmos3_seed103_0037,NO_CONTACT,0.0,white tape roll,64,TEMPORAL_BIN,0.6156720362474564,22.44950294494629,0.1194063805946412,0.8805788834873229,1.4735918035884171e-05,44.03041776616973,1,/shared/ssd_30T/zhuoyingyang/physact/sam3_robowm/motion_primary9_hybrid_veto_v1/Cosmos3_seed103_0037_hybrid_trace.csv,hybrid_candidate,/shared/ssd_30T/zhuoyingyang/physact/sam3_robowm/vlm_contact_oracle9/whole_video_causal_v1/candidate_rois/PRIMARY9/Cosmos3_seed103_0037/frame_0064,0,1,1.0,44.03041776616973,44.03041776616973,0,1,1.0,44.03041776616973,44.03041776616973,0,1,1.0,44.03041776616973,44.03041776616973,0.9998311902701391,0.00012340980117102137,4.539992868987415e-05,0.010710482927538484
PRIMARY9,Cosmos3_seed103_0037,NO_CONTACT,0.0,white tape roll,76,TEMPORAL_BIN+GLOBAL_CLOSEST,0.0,0.0,0.000245532858414,0.7304949931209969,0.2692594740205891,63.45069705810875,1,/shared/ssd_30T/zhuoyingyang/physact/sam3_robowm/motion_primary9_hybrid_veto_v1/Cosmos3_seed103_0037_hybrid_trace.csv,hybrid_candidate,/shared/ssd_30T/zhuoyingyang/physact/sam3_robowm/vlm_contact_oracle9/whole_video_causal_v1/candidate_rois/PRIMARY9/Cosmos3_seed103_0037/frame_0076,1,0,0.0,0.0,0.0,1,0,0.0,0.0,0.0,1,0,0.0,0.0,0.0,0.8224096234528055,0.11054278701345224,0.06704758953374232,12.231898304046844
PRIMARY9,Cosmos3_seed103_0037,NO_CONTACT,0.0,white tape roll,88,GLOBAL_CLOSEST,0.0,0.0,0.0005710396700664,0.3768664584139361,0.6225625019159975,81.09957311229655,1,/shared/ssd_30T/zhuoyingyang/physact/sam3_robowm/motion_primary9_hybrid_veto_v1/Cosmos3_seed103_0037_hybrid_trace.csv,hybrid_candidate,/shared/ssd_30T/zhuoyingyang/physact/sam3_robowm/vlm_contact_oracle9/whole_video_causal_v1/candidate_rois/PRIMARY9/Cosmos3_seed103_0037/frame_0088,0,0,0.0,0.0,0.0,1,0,0.0,0.0,0.0,1,0,0.0,0.0,0.0,0.9463539631803854,0.017210791316553502,0.03643524550306104,4.5040641161337795
PRIMARY9,Cosmos3_seed103_0037,NO_CONTACT,0.0,white tape roll,97,TEMPORAL_BIN,0.0,0.0,0.0004046039997487,0.9395468382119948,0.0600485577882564,52.98219768942538,1,/shared/ssd_30T/zhuoyingyang/physact/sam3_robowm/motion_primary9_hybrid_veto_v1/Cosmos3_seed103_0037_hybrid_trace.csv,hybrid_candidate,/shared/ssd_30T/zhuoyingyang/physact/sam3_robowm/vlm_contact_oracle9/whole_video_causal_v1/candidate_rois/PRIMARY9/Cosmos3_seed103_0037/frame_0097,0,0,0.0,0.0,0.0,1,0,0.0,0.0,0.0,1,1,0.5,52.98219768942538,26.49109884471269,0.9891767970510188,0.006737003669084821,0.0040861992798964485,0.7454701114438859
PRIMARY9,Cosmos3_seed103_0037,NO_CONTACT,0.0,white tape roll,102,GLOBAL_CLOSEST,0.0,0.0,0.0011706079919137,0.9845684672162452,0.0142609247918409,50.65451583999637,1,/shared/ssd_30T/zhuoyingyang/physact/sam3_robowm/motion_primary9_hybrid_veto_v1/Cosmos3_seed103_0037_hybrid_trace.csv,hybrid_candidate,/shared/ssd_30T/zhuoyingyang/physact/sam3_robowm/vlm_contact_oracle9/whole_video_causal_v1/candidate_rois/PRIMARY9/Cosmos3_seed103_0037/frame_0102,0,0,0.0,0.0,0.0,0,0,0.0,0.0,0.0,1,1,0.5,50.65451583999637,25.327257919998186,0.9900800832074563,0.006737396183087978,0.0031825206094557384,0.6551218700999727
PRIMARY9,Cosmos3_seed103_0037,NO_CONTACT,0.0,white tape roll,129,TEMPORAL_BIN+GLOBAL_CLOSEST,0.0,0.0,0.0001023115790413,0.1821157683478352,0.8177819200731234,90.8839804247041,1,/shared/ssd_30T/zhuoyingyang/physact/sam3_robowm/motion_primary9_hybrid_veto_v1/Cosmos3_seed103_0037_hybrid_trace.csv,hybrid_candidate,/shared/ssd_30T/zhuoyingyang/physact/sam3_robowm/vlm_contact_oracle9/whole_video_causal_v1/candidate_rois/PRIMARY9/Cosmos3_seed103_0037/frame_0129,1,1,0.5,90.8839804247041,45.44199021235205,1,1,0.5,90.8839804247041,45.44199021235205,1,1,0.5,90.8839804247041,45.44199021235205,0.49908144689650047,0.11223353144409508,0.3886850216594044,44.48017873814519
PRIMARY9,Cosmos3_seed103_0037,NO_CONTACT,0.0,white tape roll,143,GLOBAL_CLOSEST,0.0,0.0,0.000278633474062,0.4998606832629689,0.4998606832629689,74.97910248944534,1,/shared/ssd_30T/zhuoyingyang/physact/sam3_robowm/motion_primary9_hybrid_veto_v1/Cosmos3_seed103_0037_hybrid_trace.csv,hybrid_candidate,/shared/ssd_30T/zhuoyingyang/physact/sam3_robowm/vlm_contact_oracle9/whole_video_causal_v1/candidate_rois/PRIMARY9/Cosmos3_seed103_0037/frame_0143,1,1,0.5,74.97910248944534,37.48955124472267,1,1,0.5,74.97910248944534,37.48955124472267,1,1,0.5,74.97910248944534,37.48955124472267,0.8440519936499405,0.04194087848760202,0.11400712786245747,13.497756710625847
PRIMARY9,Cosmos3_seed103_0037,NO_CONTACT,0.0,white tape roll,155,GLOBAL_CLOSEST,0.0,0.0,0.0002170133430826,0.4998914933284586,0.4998914933284586,74.98372399926879,1,/shared/ssd_30T/zhuoyingyang/physact/sam3_robowm/motion_primary9_hybrid_veto_v1/Cosmos3_seed103_0037_hybrid_trace.csv,hybrid_candidate,/shared/ssd_30T/zhuoyingyang/physact/sam3_robowm/vlm_contact_oracle9/whole_video_causal_v1/candidate_rois/PRIMARY9/Cosmos3_seed103_0037/frame_0155,1,1,0.5,74.98372399926879,37.4918619996344,1,1,0.5,74.98372399926879,37.4918619996344,1,1,0.5,74.98372399926879,37.4918619996344,0.865206326795647,0.0432446815803475,0.09154899162400548,11.317133241417924
PRIMARY9,Cosmos3_seed103_0037,NO_CONTACT,0.0,white tape roll,158,TEMPORAL_BIN,0.0,0.0,0.0001158310927106,0.2689102695912826,0.7309738993160066,86.5429034111648,1,/shared/ssd_30T/zhuoyingyang/physact/sam3_robowm/motion_primary9_hybrid_veto_v1/Cosmos3_seed103_0037_hybrid_trace.csv,hybrid_candidate,/shared/ssd_30T/zhuoyingyang/physact/sam3_robowm/vlm_contact_oracle9/whole_video_causal_v1/candidate_rois/PRIMARY9/Cosmos3_seed103_0037/frame_0158,1,1,0.5,86.5429034111648,43.2714517055824,1,1,0.5,86.5429034111648,43.2714517055824,1,1,0.5,86.5429034111648,43.2714517055824,0.8064319313905771,0.08474864911535544,0.10881941949406747,15.119374405174518
PRIMARY9,Cosmos3_seed101_0006,CONTACT,1.0,brown paper cup,30,TEMPORAL_BIN,0.5132910405930196,19.100000381469727,0.9240494242600994,0.0759247047463453,2.5870993555247777e-05,3.7988223366727913,1,/shared/ssd_30T/zhuoyingyang/physact/sam3_robowm/motion_primary9_hybrid_veto_v1/Cosmos3_seed101_0006_hybrid_trace.csv,hybrid_candidate,/shared/ssd_30T/zhuoyingyang/physact/sam3_robowm/vlm_contact_oracle9/whole_video_causal_v1/candidate_rois/PRIMARY9/Cosmos3_seed101_0006/frame_0030,0,0,0.0,0.0,0.0,0,0,0.0,0.0,0.0,0,0,0.0,0.0,0.0,0.9997804785878479,0.00012340977935316916,9.611163279891742e-05,0.015781652247550203
PRIMARY9,Cosmos3_seed101_0006,CONTACT,1.0,brown paper cup,56,TEMPORAL_BIN+GLOBAL_CLOSEST,0.0,0.0,0.0002612724911966,0.970468858913464,0.0292698685953393,51.45042980520714,1,/shared/ssd_30T/zhuoyingyang/physact/sam3_robowm/motion_primary9_hybrid_veto_v1/Cosmos3_seed101_0006_hybrid_trace.csv,hybrid_candidate,/shared/ssd_30T/zhuoyingyang/physact/sam3_robowm/vlm_contact_oracle9/whole_video_causal_v1/candidate_rois/PRIMARY9/Cosmos3_seed101_0006/frame_0056,0,0,0.0,0.0,0.0,0,0,0.0,0.0,0.0,0,0,0.0,0.0,0.0,0.7824207122868564,0.1354342579132993,0.08214502979984437,14.9862158756494
PRIMARY9,Cosmos3_seed101_0006,CONTACT,1.0,brown paper cup,60,TEMPORAL_BIN,0.0,0.0,0.0001023519790751,0.852357567784244,0.1475400802366809,57.37188641288029,1,/shared/ssd_30T/zhuoyingyang/physact/sam3_robowm/motion_primary9_hybrid_veto_v1/Cosmos3_seed101_0006_hybrid_trace.csv,hybrid_candidate,/shared/ssd_30T/zhuoyingyang/physact/sam3_robowm/vlm_contact_oracle9/whole_video_causal_v1/candidate_rois/PRIMARY9/Cosmos3_seed101_0006/frame_0060,0,0,0.0,0.0,0.0,0,0,0.0,0.0,0.0,0,1,1.0,57.37188641288029,57.37188641288029,0.5675879508812102,0.16325313422068444,0.26915891489810545,35.078548200844764
PRIMARY9,Cosmos3_seed101_0006,CONTACT,1.0,brown paper cup,68,GLOBAL_CLOSEST,0.0,0.0,0.0031827504837645,0.9961070818910808,0.0007101676251548,49.87637085706952,1,/shared/ssd_30T/zhuoyingyang/physact/sam3_robowm/motion_primary9_hybrid_veto_v1/Cosmos3_seed101_0006_hybrid_trace.csv,hybrid_candidate,/shared/ssd_30T/zhuoyingyang/physact/sam3_robowm/vlm_contact_oracle9/whole_video_causal_v1/candidate_rois/PRIMARY9/Cosmos3_seed101_0006/frame_0068,0,0,0.0,0.0,0.0,0,0,0.0,0.0,0.0,0,1,1.0,49.87637085706952,49.87637085706952,0.9934348443025804,0.004086542424651873,0.0024786132727677647,0.4521884485093702
PRIMARY9,Cosmos3_seed101_0006,CONTACT,1.0,brown paper cup,80,GLOBAL_CLOSEST,0.0,0.0,0.0052474184838503,0.994199507677,0.0005530738391494,49.765282767764944,1,/shared/ssd_30T/zhuoyingyang/physact/sam3_robowm/motion_primary9_hybrid_veto_v1/Cosmos3_seed101_0006_hybrid_trace.csv,hybrid_candidate,/shared/ssd_30T/zhuoyingyang/physact/sam3_robowm/vlm_contact_oracle9/whole_video_causal_v1/candidate_rois/PRIMARY9/Cosmos3_seed101_0006/frame_0080,0,0,0.0,0.0,0.0,0,1,1.0,49.765282767764944,49.765282767764944,0,1,1.0,49.765282767764944,49.765282767764944,0.9979434737783061,0.0015034411365468265,0.0005530850851470046,0.13048056534204178
PRIMARY9,Cosmos3_seed101_0006,CONTACT,1.0,brown paper cup,89,TEMPORAL_BIN,0.0,0.0,0.0002781726027376,0.8522076904048462,0.147514136992416,57.36179821948392,1,/shared/ssd_30T/zhuoyingyang/physact/sam3_robowm/motion_primary9_hybrid_veto_v1/Cosmos3_seed101_0006_hybrid_trace.csv,hybrid_candidate,/shared/ssd_30T/zhuoyingyang/physact/sam3_robowm/vlm_contact_oracle9/whole_video_causal_v1/candidate_rois/PRIMARY9/Cosmos3_seed101_0006/frame_0089,0,1,1.0,57.36179821948392,57.36179821948392,0,1,1.0,57.36179821948392,57.36179821948392,0,1,1.0,57.36179821948392,57.36179821948392,0.6628484177733566,0.18953869676428486,0.1476128854623586,24.2382233844501
PRIMARY9,Cosmos3_seed101_0006,CONTACT,1.0,brown paper cup,92,GLOBAL_CLOSEST,0.0,0.0,0.0001911306304979,0.9238967122369174,0.0759121571325847,53.786051325104346,1,/shared/ssd_30T/zhuoyingyang/physact/sam3_robowm/motion_primary9_hybrid_veto_v1/Cosmos3_seed101_0006_hybrid_trace.csv,hybrid_candidate,/shared/ssd_30T/zhuoyingyang/physact/sam3_robowm/vlm_contact_oracle9/whole_video_causal_v1/candidate_rois/PRIMARY9/Cosmos3_seed101_0006/frame_0092,0,1,1.0,53.786051325104346,53.786051325104346,0,1,1.0,53.786051325104346,53.786051325104346,0,1,1.0,53.786051325104346,53.786051325104346,0.8917020842043363,0.07355363757350511,0.03474427822215858,7.1521097008911125
PRIMARY9,Cosmos3_seed101_0006,CONTACT,1.0,brown paper cup,104,GLOBAL_CLOSEST,0.0,0.0,0.000278633474062,0.4998606832629689,0.4998606832629689,74.97910248944534,1,/shared/ssd_30T/zhuoyingyang/physact/sam3_robowm/motion_primary9_hybrid_veto_v1/Cosmos3_seed101_0006_hybrid_trace.csv,hybrid_candidate,/shared/ssd_30T/zhuoyingyang/physact/sam3_robowm/vlm_contact_oracle9/whole_video_causal_v1/candidate_rois/PRIMARY9/Cosmos3_seed101_0006/frame_0104,1,1,0.5,74.97910248944534,37.48955124472267,1,1,0.5,74.97910248944534,37.48955124472267,1,1,0.5,74.97910248944534,37.48955124472267,0.7861663452884029,0.10691682735579852,0.10691682735579852,16.037524103369776
PRIMARY9,Cosmos3_seed101_0006,CONTACT,1.0,brown paper cup,116,GLOBAL_CLOSEST,0.0,0.0,0.0007093788156718,0.7764104226957013,0.2228801984886268,61.10854098364775,1,/shared/ssd_30T/zhuoyingyang/physact/sam3_robowm/motion_primary9_hybrid_veto_v1/Cosmos3_seed101_0006_hybrid_trace.csv,hybrid_candidate,/shared/ssd_30T/zhuoyingyang/physact/sam3_robowm/vlm_contact_oracle9/whole_video_causal_v1/candidate_rois/PRIMARY9/Cosmos3_seed101_0006/frame_0116,1,1,0.5,61.10854098364775,30.554270491823875,1,1,0.5,61.10854098364775,30.554270491823875,1,1,0.5,61.10854098364775,30.554270491823875,0.7861663452884029,0.10691682735579852,0.10691682735579852,16.037524103369776
PRIMARY9,Cosmos3_seed101_0006,CONTACT,1.0,brown paper cup,117,TEMPORAL_BIN,0.0,0.0,0.00039209576163,0.9237110057187862,0.0758968985195837,53.77524013789768,1,/shared/ssd_30T/zhuoyingyang/physact/sam3_robowm/motion_primary9_hybrid_veto_v1/Cosmos3_seed101_0006_hybrid_trace.csv,hybrid_candidate,/shared/ssd_30T/zhuoyingyang/physact/sam3_robowm/vlm_contact_oracle9/whole_video_causal_v1/candidate_rois/PRIMARY9/Cosmos3_seed101_0006/frame_0117,1,1,0.5,53.77524013789768,26.88762006894884,1,1,0.5,53.77524013789768,26.88762006894884,1,1,0.5,53.77524013789768,26.88762006894884,0.887128078773841,0.05643596061307948,0.05643596061307948,8.465394091961922
PRIMARY9,Cosmos3_seed101_0006,CONTACT,1.0,brown paper cup,145,TEMPORAL_BIN,0.0,0.0,0.0083875099194345,0.9777838240681854,0.0138286660123801,50.27205780464728,1,/shared/ssd_30T/zhuoyingyang/physact/sam3_robowm/motion_primary9_hybrid_veto_v1/Cosmos3_seed101_0006_hybrid_trace.csv,hybrid_candidate,/shared/ssd_30T/zhuoyingyang/physact/sam3_robowm/vlm_contact_oracle9/whole_video_causal_v1/candidate_rois/PRIMARY9/Cosmos3_seed101_0006/frame_0145,1,1,0.5,50.27205780464728,25.13602890232364,1,1,0.5,50.27205780464728,25.13602890232364,1,1,0.5,50.27205780464728,25.13602890232364,0.9642037595609815,0.029266092526632155,0.006530147912386198,2.1163194175702276
PRIMARY9,Cosmos3_seed101_0022,CONTACT,1.0,brown paper cup,33,TEMPORAL_BIN,1.5642450949763802,67.71375274658203,0.994751182119988,0.005247446939595,1.3709404169556577e-06,0.2625094410214489,1,/shared/ssd_30T/zhuoyingyang/physact/sam3_robowm/motion_primary9_hybrid_veto_v1/Cosmos3_seed101_0022_hybrid_trace.csv,hybrid_candidate,/shared/ssd_30T/zhuoyingyang/physact/sam3_robowm/vlm_contact_oracle9/whole_video_causal_v1/candidate_rois/PRIMARY9/Cosmos3_seed101_0022/frame_0033,0,0,0.0,0.0,0.0,0,0,0.0,0.0,0.0,0,0,0.0,0.0,0.0,0.999962333456943,2.7536449429135812e-05,1.0130093627836166e-05,0.0023898318342404075
PRIMARY9,Cosmos3_seed101_0022,CONTACT,1.0,brown paper cup,63,TEMPORAL_BIN,0.0882902409354522,3.819999933242798,0.0001911306304979,0.9238967122369174,0.0759121571325847,53.786051325104346,1,/shared/ssd_30T/zhuoyingyang/physact/sam3_robowm/motion_primary9_hybrid_veto_v1/Cosmos3_seed101_0022_hybrid_trace.csv,hybrid_candidate,/shared/ssd_30T/zhuoyingyang/physact/sam3_robowm/vlm_contact_oracle9/whole_video_causal_v1/candidate_rois/PRIMARY9/Cosmos3_seed101_0022/frame_0063,0,0,0.0,0.0,0.0,0,1,1.0,53.786051325104346,53.786051325104346,0,1,1.0,53.786051325104346,53.786051325104346,0.7363168352989434,0.09906747006744314,0.16461569463361345,21.414942966733502
PRIMARY9,Cosmos3_seed101_0022,CONTACT,1.0,brown paper cup,78,TEMPORAL_BIN+GLOBAL_CLOSEST,0.0,0.0,0.0001157200788287,0.4377728341443713,0.5621114457767998,78.09978628489856,1,/shared/ssd_30T/zhuoyingyang/physact/sam3_robowm/motion_primary9_hybrid_veto_v1/Cosmos3_seed101_0022_hybrid_trace.csv,hybrid_candidate,/shared/ssd_30T/zhuoyingyang/physact/sam3_robowm/vlm_contact_oracle9/whole_video_causal_v1/candidate_rois/PRIMARY9/Cosmos3_seed101_0022/frame_0078,0,1,1.0,78.09978628489856,78.09978628489856,0,1,1.0,78.09978628489856,78.09978628489856,0,1,1.0,78.09978628489856,78.09978628489856,0.38868502165940444,0.1122335314440951,0.4990814468965006,55.519821261854815
PRIMARY9,Cosmos3_seed101_0022,CONTACT,1.0,brown paper cup,90,GLOBAL_CLOSEST,0.0,0.0,0.0004877557550477,0.8801623460693184,0.1193498981756338,55.943107121029314,1,/shared/ssd_30T/zhuoyingyang/physact/sam3_robowm/motion_primary9_hybrid_veto_v1/Cosmos3_seed101_0022_hybrid_trace.csv,hybrid_candidate,/shared/ssd_30T/zhuoyingyang/physact/sam3_robowm/vlm_contact_oracle9/whole_video_causal_v1/candidate_rois/PRIMARY9/Cosmos3_seed101_0022/frame_0090,1,1,0.5,55.943107121029314,27.971553560514657,1,1,0.5,55.943107121029314,27.971553560514657,1,1,0.5,55.943107121029314,27.971553560514657,0.8730242079018258,0.07138280649895412,0.05559298559922003,9.12843888486971
PRIMARY9,Cosmos3_seed101_0022,CONTACT,1.0,brown paper cup,105,TEMPORAL_BIN+GLOBAL_CLOSEST,0.0,0.0,0.000519581278036,0.9394249884464468,0.0600554302755173,52.97679244987407,1,/shared/ssd_30T/zhuoyingyang/physact/sam3_robowm/motion_primary9_hybrid_veto_v1/Cosmos3_seed101_0022_hybrid_trace.csv,hybrid_candidate,/shared/ssd_30T/zhuoyingyang/physact/sam3_robowm/vlm_contact_oracle9/whole_video_causal_v1/candidate_rois/PRIMARY9/Cosmos3_seed101_0022/frame_0105,0,0,0.0,0.0,0.0,1,1,0.5,52.97679244987407,26.488396224937038,1,1,0.5,52.97679244987407,26.488396224937038,0.7523482647494262,0.1681997833960136,0.0794519518545603,16.35518435525671
PRIMARY9,Cosmos3_seed101_0022,CONTACT,1.0,brown paper cup,117,GLOBAL_CLOSEST,0.0,0.0,0.0006671109397348,0.9518283113358874,0.0475045777243776,52.34187333923214,1,/shared/ssd_30T/zhuoyingyang/physact/sam3_robowm/motion_primary9_hybrid_veto_v1/Cosmos3_seed101_0022_hybrid_trace.csv,hybrid_candidate,/shared/ssd_30T/zhuoyingyang/physact/sam3_robowm/vlm_contact_oracle9/whole_video_causal_v1/candidate_rois/PRIMARY9/Cosmos3_seed101_0022/frame_0117,0,1,1.0,52.34187333923214,52.34187333923214,0,1,1.0,52.34187333923214,52.34187333923214,1,1,0.5,52.34187333923214,26.17093666961607,0.8421164512966889,0.08875842095746,0.06912512774585125,11.350433822458125
PRIMARY9,Cosmos3_seed101_0022,CONTACT,1.0,brown paper cup,127,TEMPORAL_BIN,0.0,0.0,8.475035329825789e-05,0.0958902814198378,0.9040249682268638,95.19701089367828,1,/shared/ssd_30T/zhuoyingyang/physact/sam3_robowm/motion_primary9_hybrid_veto_v1/Cosmos3_seed101_0022_hybrid_trace.csv,hybrid_candidate,/shared/ssd_30T/zhuoyingyang/physact/sam3_robowm/vlm_contact_oracle9/whole_video_causal_v1/candidate_rois/PRIMARY9/Cosmos3_seed101_0022/frame_0127,1,1,0.5,95.19701089367828,47.59850544683914,1,1,0.5,95.19701089367828,47.59850544683914,1,1,0.5,95.19701089367828,47.59850544683914,0.09013664854311303,0.05467064090514012,0.855192710551747,88.25280310043169
PRIMARY9,Cosmos3_seed101_0022,CONTACT,1.0,brown paper cup,129,GLOBAL_CLOSEST,0.0,0.0,0.0001090166721252,0.3199358627593474,0.6799551205685274,83.9923051948201,1,/shared/ssd_30T/zhuoyingyang/physact/sam3_robowm/motion_primary9_hybrid_veto_v1/Cosmos3_seed101_0022_hybrid_trace.csv,hybrid_candidate,/shared/ssd_30T/zhuoyingyang/physact/sam3_robowm/vlm_contact_oracle9/whole_video_causal_v1/candidate_rois/PRIMARY9/Cosmos3_seed101_0022/frame_0129,1,1,0.5,83.9923051948201,41.99615259741005,1,1,0.5,83.9923051948201,41.99615259741005,1,1,0.5,83.9923051948201,41.99615259741005,0.09154899162400548,0.0432446815803475,0.865206326795647,88.68286675858208
PRIMARY9,Cosmos3_seed101_0022,CONTACT,1.0,brown paper cup,141,GLOBAL_CLOSEST,0.0,0.0,0.0001157200788287,0.4377728341443713,0.5621114457767998,78.09978628489856,1,/shared/ssd_30T/zhuoyingyang/physact/sam3_robowm/motion_primary9_hybrid_veto_v1/Cosmos3_seed101_0022_hybrid_trace.csv,hybrid_candidate,/shared/ssd_30T/zhuoyingyang/physact/sam3_robowm/vlm_contact_oracle9/whole_video_causal_v1/candidate_rois/PRIMARY9/Cosmos3_seed101_0022/frame_0141,1,1,0.5,78.09978628489856,39.04989314244928,1,1,0.5,78.09978628489856,39.04989314244928,1,1,0.5,78.09978628489856,39.04989314244928,0.31974003998577805,0.1510345004613562,0.5292254595528657,60.47427097835438
PRIMARY9,Cosmos3_seed101_0022,CONTACT,1.0,brown paper cup,158,TEMPORAL_BIN,0.0,0.0,0.0004883934522767,0.6796971332593206,0.3198144732884026,65.9663039918063,1,/shared/ssd_30T/zhuoyingyang/physact/sam3_robowm/motion_primary9_hybrid_veto_v1/Cosmos3_seed101_0022_hybrid_trace.csv,hybrid_candidate,/shared/ssd_30T/zhuoyingyang/physact/sam3_robowm/vlm_contact_oracle9/whole_video_causal_v1/candidate_rois/PRIMARY9/Cosmos3_seed101_0022/frame_0158,1,1,0.5,65.9663039918063,32.98315199590315,1,1,0.5,65.9663039918063,32.98315199590315,1,1,0.5,65.9663039918063,32.98315199590315,0.5838541417143689,0.062020420535661515,0.3541254377499695,38.51356480178003
PRIMARY9,Cosmos3_seed103_0011,CONTACT,1.0,white cup,22,TEMPORAL_BIN,0.1909302690888983,6.558599948883057,0.0759178664630855,0.9239661982307034,0.0001159353062109,46.20990344215626,1,/shared/ssd_30T/zhuoyingyang/physact/sam3_robowm/motion_primary9_hybrid_veto_v1/Cosmos3_seed103_0011_hybrid_trace.csv,hybrid_candidate,/shared/ssd_30T/zhuoyingyang/physact/sam3_robowm/vlm_contact_oracle9/whole_video_causal_v1/candidate_rois/PRIMARY9/Cosmos3_seed103_0011/frame_0022,0,0,0.0,0.0,0.0,0,0,0.0,0.0,0.0,0,0,0.0,0.0,0.0,0.9992884559154327,0.0005530831181538422,0.0001584609664134671,0.04350025254903882
PRIMARY9,Cosmos3_seed103_0011,CONTACT,1.0,white cup,35,TEMPORAL_BIN+GLOBAL_CLOSEST,0.0,0.0,0.000245532858414,0.2692594740205891,0.7304949931209969,86.51247301312914,1,/shared/ssd_30T/zhuoyingyang/physact/sam3_robowm/motion_primary9_hybrid_veto_v1/Cosmos3_seed103_0011_hybrid_trace.csv,hybrid_candidate,/shared/ssd_30T/zhuoyingyang/physact/sam3_robowm/vlm_contact_oracle9/whole_video_causal_v1/candidate_rois/PRIMARY9/Cosmos3_seed103_0011/frame_0035,0,0,0.0,0.0,0.0,0,0,0.0,0.0,0.0,0,1,1.0,86.51247301312914,86.51247301312914,0.7631729104888186,0.10368846501481777,0.13313862449636368,18.498285700377256
PRIMARY9,Cosmos3_seed103_0011,CONTACT,1.0,white cup,47,GLOBAL_CLOSEST,0.0,0.0,0.0008834813117316,0.961549937386605,0.0375665813016634,51.8341549994966,1,/shared/ssd_30T/zhuoyingyang/physact/sam3_robowm/motion_primary9_hybrid_veto_v1/Cosmos3_seed103_0011_hybrid_trace.csv,hybrid_candidate,/shared/ssd_30T/zhuoyingyang/physact/sam3_robowm/vlm_contact_oracle9/whole_video_causal_v1/candidate_rois/PRIMARY9/Cosmos3_seed103_0011/frame_0047,0,0,0.0,0.0,0.0,0,1,1.0,51.8341549994966,51.8341549994966,0,1,1.0,51.8341549994966,51.8341549994966,0.9495992389678247,0.0370001828443497,0.01340057818782558,3.190066961000043
PRIMARY9,Cosmos3_seed103_0011,CONTACT,1.0,white cup,51,TEMPORAL_BIN,0.0,0.0,0.0005036319347047,0.9235736895822464,0.0759226784830489,53.77095232741721,1,/shared/ssd_30T/zhuoyingyang/physact/sam3_robowm/motion_primary9_hybrid_veto_v1/Cosmos3_seed103_0011_hybrid_trace.csv,hybrid_candidate,/shared/ssd_30T/zhuoyingyang/physact/sam3_robowm/vlm_contact_oracle9/whole_video_causal_v1/candidate_rois/PRIMARY9/Cosmos3_seed103_0011/frame_0051,0,1,1.0,53.77095232741721,53.77095232741721,0,1,1.0,53.77095232741721,53.77095232741721,0,1,1.0,53.77095232741721,53.77095232741721,0.9604128890623976,0.028818444855691763,0.010768666081910534,2.5177888509756414
PRIMARY9,Cosmos3_seed103_0011,CONTACT,1.0,white cup,59,GLOBAL_CLOSEST,0.0,0.0,0.0014573367025179,0.9757460817286776,0.0227965815688045,51.06696224331433,1,/shared/ssd_30T/zhuoyingyang/physact/sam3_robowm/motion_primary9_hybrid_veto_v1/Cosmos3_seed103_0011_hybrid_trace.csv,hybrid_candidate,/shared/ssd_30T/zhuoyingyang/physact/sam3_robowm/vlm_contact_oracle9/whole_video_causal_v1/candidate_rois/PRIMARY9/Cosmos3_seed103_0011/frame_0059,0,1,1.0,51.06696224331433,51.06696224331433,0,1,1.0,51.06696224331433,51.06696224331433,0,1,1.0,51.06696224331433,51.06696224331433,0.99273090556535,0.0040865140738799025,0.003182580360769984,0.5225837397709935
PRIMARY9,Cosmos3_seed103_0011,CONTACT,1.0,white cup,71,GLOBAL_CLOSEST,0.0,0.0,0.0067373961830879,0.9900800832074564,0.0031825206094557,49.82225622131839,1,/shared/ssd_30T/zhuoyingyang/physact/sam3_robowm/motion_primary9_hybrid_veto_v1/Cosmos3_seed103_0011_hybrid_trace.csv,hybrid_candidate,/shared/ssd_30T/zhuoyingyang/physact/sam3_robowm/vlm_contact_oracle9/whole_video_causal_v1/candidate_rois/PRIMARY9/Cosmos3_seed103_0011/frame_0071,1,1,0.5,49.82225622131839,24.911128110659195,1,1,0.5,49.82225622131839,24.911128110659195,1,1,0.5,49.82225622131839,24.911128110659195,0.9975846965609664,0.0015034281633104004,0.0009118752757232099,0.16635893573784102
PRIMARY9,Cosmos3_seed103_0011,CONTACT,1.0,white cup,76,TEMPORAL_BIN,0.0,0.0,0.0227946624629857,0.97067455739856,0.0065307801384543,49.18680588377343,1,/shared/ssd_30T/zhuoyingyang/physact/sam3_robowm/motion_primary9_hybrid_veto_v1/Cosmos3_seed103_0011_hybrid_trace.csv,hybrid_candidate,/shared/ssd_30T/zhuoyingyang/physact/sam3_robowm/vlm_contact_oracle9/whole_video_causal_v1/candidate_rois/PRIMARY9/Cosmos3_seed103_0011/frame_0076,1,1,0.5,49.18680588377343,24.593402941886715,1,1,0.5,49.18680588377343,24.593402941886715,1,1,0.5,49.18680588377343,24.593402941886715,0.9973593829329569,0.0019304457597385802,0.0007101713073044092,0.16753941871736994
PRIMARY9,Cosmos3_seed103_0011,CONTACT,1.0,white cup,85,GLOBAL_CLOSEST,0.0,0.0,0.0031820444569159,0.9857115290825572,0.011106426460527,50.39621910018056,1,/shared/ssd_30T/zhuoyingyang/physact/sam3_robowm/motion_primary9_hybrid_veto_v1/Cosmos3_seed103_0011_hybrid_trace.csv,hybrid_candidate,/shared/ssd_30T/zhuoyingyang/physact/sam3_robowm/vlm_contact_oracle9/whole_video_causal_v1/candidate_rois/PRIMARY9/Cosmos3_seed103_0011/frame_0085,1,1,0.5,50.39621910018056,25.19810955009028,1,1,0.5,50.39621910018056,25.19810955009028,1,1,0.5,50.39621910018056,25.19810955009028,0.9771570642514806,0.01775581078614639,0.005087124962372845,1.396503035544604
PRIMARY9,Cosmos3_seed103_0011,CONTACT,1.0,white cup,97,GLOBAL_CLOSEST,0.0,0.0,0.0052471755666605,0.9922742341992892,0.0024785902340503,49.86157073336949,1,/shared/ssd_30T/zhuoyingyang/physact/sam3_robowm/motion_primary9_hybrid_veto_v1/Cosmos3_seed103_0011_hybrid_trace.csv,hybrid_candidate,/shared/ssd_30T/zhuoyingyang/physact/sam3_robowm/vlm_contact_oracle9/whole_video_causal_v1/candidate_rois/PRIMARY9/Cosmos3_seed103_0011/frame_0097,1,1,0.5,49.86157073336949,24.930785366684745,1,1,0.5,49.86157073336949,24.930785366684745,1,1,0.5,49.86157073336949,24.930785366684745,0.9741172461885829,0.02279745392711712,0.003085299884300024,1.4484026847858584
PRIMARY9,Cosmos3_seed103_0011,CONTACT,1.0,white cup,99,TEMPORAL_BIN,0.0,0.0,0.0177558107861463,0.9771570642514806,0.0050871249623728,49.36656570881132,1,/shared/ssd_30T/zhuoyingyang/physact/sam3_robowm/motion_primary9_hybrid_veto_v1/Cosmos3_seed103_0011_hybrid_trace.csv,hybrid_candidate,/shared/ssd_30T/zhuoyingyang/physact/sam3_robowm/vlm_contact_oracle9/whole_video_causal_v1/candidate_rois/PRIMARY9/Cosmos3_seed103_0011/frame_0099,1,1,0.5,49.36656570881132,24.683282854405658,1,1,0.5,49.36656570881132,24.683282854405658,1,1,0.5,49.36656570881132,24.683282854405658,0.9771570642514806,0.01775581078614639,0.005087124962372845,1.396503035544604
PRIMARY9,Cosmos3_seed103_0011,CONTACT,1.0,white cup,123,TEMPORAL_BIN,0.0,0.0,0.0024030576911515,0.9837683000887516,0.0138286422200965,50.57127922644724,1,/shared/ssd_30T/zhuoyingyang/physact/sam3_robowm/motion_primary9_hybrid_veto_v1/Cosmos3_seed103_0011_hybrid_trace.csv,hybrid_candidate,/shared/ssd_30T/zhuoyingyang/physact/sam3_robowm/vlm_contact_oracle9/whole_video_causal_v1/candidate_rois/PRIMARY9/Cosmos3_seed103_0011/frame_0123,1,1,0.5,50.57127922644724,25.28563961322362,1,1,0.5,50.57127922644724,25.28563961322362,1,1,0.5,50.57127922644724,25.28563961322362,0.9754044378326381,0.013827047076566618,0.010768515090795261,1.7682038629078571
PRIMARY9,Cosmos3_seed103_0022,CONTACT,1.0,brown paper cup,33,TEMPORAL_BIN,0.8271100410303469,35.72821044921875,0.995912188792409,0.0040867435108774,1.0676967137137815e-06,0.2044439452152415,1,/shared/ssd_30T/zhuoyingyang/physact/sam3_robowm/motion_primary9_hybrid_veto_v1/Cosmos3_seed103_0022_hybrid_trace.csv,hybrid_candidate,/shared/ssd_30T/zhuoyingyang/physact/sam3_robowm/vlm_contact_oracle9/whole_video_causal_v1/candidate_rois/PRIMARY9/Cosmos3_seed103_0022/frame_0033,0,1,1.0,0.2044439452152415,0.2044439452152415,0,1,1.0,0.2044439452152415,0.2044439452152415,1,1,0.5,0.2044439452152415,0.1022219726076207,0.9999873255582665,4.7851172086802326e-06,7.889324524744324e-06,0.0010281883129084441
PRIMARY9,Cosmos3_seed103_0022,CONTACT,1.0,brown paper cup,64,TEMPORAL_BIN,0.1729274014806718,7.387199878692627,0.0111078027997237,0.98884680214905,4.539505122600239e-05,49.44687961257511,1,/shared/ssd_30T/zhuoyingyang/physact/sam3_robowm/motion_primary9_hybrid_veto_v1/Cosmos3_seed103_0022_hybrid_trace.csv,hybrid_candidate,/shared/ssd_30T/zhuoyingyang/physact/sam3_robowm/vlm_contact_oracle9/whole_video_causal_v1/candidate_rois/PRIMARY9/Cosmos3_seed103_0022/frame_0064,0,0,0.0,0.0,0.0,0,0,0.0,0.0,0.0,1,0,0.0,0.0,0.0,0.999615331430179,0.0002612586988646745,0.00012340987095630916,0.025403922038864643
PRIMARY9,Cosmos3_seed103_0022,CONTACT,1.0,brown paper cup,78,TEMPORAL_BIN+GLOBAL_CLOSEST,0.0222165791533255,0.9549999833106996,0.011107914338177,0.988856731605378,3.5354056444824225e-05,49.44637198591339,1,/shared/ssd_30T/zhuoyingyang/physact/sam3_robowm/motion_primary9_hybrid_veto_v1/Cosmos3_seed103_0022_hybrid_trace.csv,hybrid_candidate,/shared/ssd_30T/zhuoyingyang/physact/sam3_robowm/vlm_contact_oracle9/whole_video_causal_v1/candidate_rois/PRIMARY9/Cosmos3_seed103_0022/frame_0078,0,0,0.0,0.0,0.0,0,0,0.0,0.0,0.0,0,0,0.0,0.0,0.0,0.9987526610522786,0.0009118778381910737,0.00033546110953035506,0.07914000286258918
PRIMARY9,Cosmos3_seed103_0022,CONTACT,1.0,brown paper cup,105,TEMPORAL_BIN+GLOBAL_CLOSEST,0.0,0.0,0.0015034304631188,0.9980658294974516,0.0004307400394292,49.94636547881552,1,/shared/ssd_30T/zhuoyingyang/physact/sam3_robowm/motion_primary9_hybrid_veto_v1/Cosmos3_seed103_0022_hybrid_trace.csv,hybrid_candidate,/shared/ssd_30T/zhuoyingyang/physact/sam3_robowm/vlm_contact_oracle9/whole_video_causal_v1/candidate_rois/PRIMARY9/Cosmos3_seed103_0022/frame_0105,0,0,0.0,0.0,0.0,0,1,1.0,49.94636547881552,49.94636547881552,0,1,1.0,49.94636547881552,49.94636547881552,0.9913324601524933,0.006737277520193087,0.0019302623273136457,0.5298901087410189
PRIMARY9,Cosmos3_seed103_0022,CONTACT,1.0,brown paper cup,117,GLOBAL_CLOSEST,0.0,0.0,0.0019303338833418,0.9928224745987114,0.0052471915179468,50.16584288173025,1,/shared/ssd_30T/zhuoyingyang/physact/sam3_robowm/motion_primary9_hybrid_veto_v1/Cosmos3_seed103_0022_hybrid_trace.csv,hybrid_candidate,/shared/ssd_30T/zhuoyingyang/physact/sam3_robowm/vlm_contact_oracle9/whole_video_causal_v1/candidate_rois/PRIMARY9/Cosmos3_seed103_0022/frame_0117,0,1,1.0,50.16584288173025,50.16584288173025,0,1,1.0,50.16584288173025,50.16584288173025,0,1,1.0,50.16584288173025,50.16584288173025,0.9604128890623976,0.028818444855691763,0.010768666081910534,2.5177888509756414
PRIMARY9,Cosmos3_seed103_0022,CONTACT,1.0,brown paper cup,127,TEMPORAL_BIN,0.0,0.0,0.0001584672932752,0.9705721227616628,0.0292694099450616,51.45554713258931,1,/shared/ssd_30T/zhuoyingyang/physact/sam3_robowm/motion_primary9_hybrid_veto_v1/Cosmos3_seed103_0022_hybrid_trace.csv,hybrid_candidate,/shared/ssd_30T/zhuoyingyang/physact/sam3_robowm/vlm_contact_oracle9/whole_video_causal_v1/candidate_rois/PRIMARY9/Cosmos3_seed103_0022/frame_0127,0,1,1.0,51.45554713258931,51.45554713258931,0,1,1.0,51.45554713258931,51.45554713258931,0,1,1.0,51.45554713258931,51.45554713258931,0.8421164512966889,0.08875842095746,0.06912512774585125,11.350433822458125
PRIMARY9,Cosmos3_seed103_0022,CONTACT,1.0,brown paper cup,129,GLOBAL_CLOSEST,0.0,0.0,0.000108874274675,0.8804959860167698,0.119395139708555,55.964313271694,1,/shared/ssd_30T/zhuoyingyang/physact/sam3_robowm/motion_primary9_hybrid_veto_v1/Cosmos3_seed103_0022_hybrid_trace.csv,hybrid_candidate,/shared/ssd_30T/zhuoyingyang/physact/sam3_robowm/vlm_contact_oracle9/whole_video_causal_v1/candidate_rois/PRIMARY9/Cosmos3_seed103_0022/frame_0129,1,1,0.5,55.964313271694,27.982156635847,1,1,0.5,55.964313271694,27.982156635847,1,1,0.5,55.964313271694,27.982156635847,0.6483336312672467,0.11222425844821185,0.2394421102845415,29.55542395086474
PRIMARY9,Cosmos3_seed103_0022,CONTACT,1.0,brown paper cup,141,GLOBAL_CLOSEST,0.0,0.0,0.0001157200788287,0.5621114457767998,0.4377728341443713,71.88285570327713,1,/shared/ssd_30T/zhuoyingyang/physact/sam3_robowm/motion_primary9_hybrid_veto_v1/Cosmos3_seed103_0022_hybrid_trace.csv,hybrid_candidate,/shared/ssd_30T/zhuoyingyang/physact/sam3_robowm/vlm_contact_oracle9/whole_video_causal_v1/candidate_rois/PRIMARY9/Cosmos3_seed103_0022/frame_0141,1,1,0.5,71.88285570327713,35.941427851638565,1,1,0.5,71.88285570327713,35.941427851638565,1,1,0.5,71.88285570327713,35.941427851638565,0.4220621543877691,0.15587569122446177,0.4220621543877691,50.0
PRIMARY9,Cosmos3_seed103_0022,CONTACT,1.0,brown paper cup,166,TEMPORAL_BIN+GLOBAL_CLOSEST,0.0,0.0,0.0003354602926488,0.9955777967181012,0.0040867429892501,50.18756413483008,1,/shared/ssd_30T/zhuoyingyang/physact/sam3_robowm/motion_primary9_hybrid_veto_v1/Cosmos3_seed103_0022_hybrid_trace.csv,hybrid_candidate,/shared/ssd_30T/zhuoyingyang/physact/sam3_robowm/vlm_contact_oracle9/whole_video_causal_v1/candidate_rois/PRIMARY9/Cosmos3_seed103_0022/frame_0166,1,1,0.5,50.18756413483008,25.09378206741504,1,1,0.5,50.18756413483008,25.09378206741504,1,1,0.5,50.18756413483008,25.09378206741504,0.9757125445609847,0.017755552651786265,0.006531902787229251,1.5409679113122383
FRESH20,Cosmos3_seed101_0004,CONTACT,1.0,yellow cube,30,TEMPORAL_BIN,2.827613600840885,49.6600341796875,0.8805817538082987,0.1194067698097874,1.1476381913733338e-05,5.971486128680746,1,/shared/ssd_30T/zhuoyingyang/physact/sam3_robowm/pipeline20_e2e_v1/motion_hybrid/Cosmos3_seed101_0004_hybrid_trace.csv,hybrid_candidate,/shared/ssd_30T/zhuoyingyang/physact/sam3_robowm/vlm_contact_oracle9/whole_video_causal_v1/candidate_rois/FRESH20/Cosmos3_seed101_0004/frame_0030,0,1,1.0,5.971486128680746,5.971486128680746,0,1,1.0,5.971486128680746,5.971486128680746,1,1,0.5,5.971486128680746,2.985743064340373,0.9999510181475868,2.1445406016711912e-05,2.753644639664631e-05,0.0038259149405002264
FRESH20,Cosmos3_seed101_0004,CONTACT,1.0,yellow cube,59,TEMPORAL_BIN,0.293417935999921,4.775000095367432,0.0007101622125168,0.9952031364189352,0.0040867013685477,50.168826957801535,1,/shared/ssd_30T/zhuoyingyang/physact/sam3_robowm/pipeline20_e2e_v1/motion_hybrid/Cosmos3_seed101_0004_hybrid_trace.csv,hybrid_candidate,/shared/ssd_30T/zhuoyingyang/physact/sam3_robowm/vlm_contact_oracle9/whole_video_causal_v1/candidate_rois/FRESH20/Cosmos3_seed101_0004/frame_0059,0,1,1.0,50.168826957801535,50.168826957801535,1,1,0.5,50.168826957801535,25.084413478900768,1,1,0.5,50.168826957801535,25.084413478900768,0.9968986928893709,0.001930437549933696,0.0011708695606953243,0.2136088335662172
FRESH20,Cosmos3_seed101_0004,CONTACT,1.0,yellow cube,75,TEMPORAL_BIN+GLOBAL_CLOSEST,0.0,0.0,0.0005530846763547,0.9975164601186504,0.0019304552049949,50.06886852643202,1,/shared/ssd_30T/zhuoyingyang/physact/sam3_robowm/pipeline20_e2e_v1/motion_hybrid/Cosmos3_seed101_0004_hybrid_trace.csv,hybrid_candidate,/shared/ssd_30T/zhuoyingyang/physact/sam3_robowm/vlm_contact_oracle9/whole_video_causal_v1/candidate_rois/FRESH20/Cosmos3_seed101_0004/frame_0075,1,1,0.5,50.06886852643202,25.03443426321601,1,1,0.5,50.06886852643202,25.03443426321601,1,1,0.5,50.06886852643202,25.03443426321601,0.9968986928893709,0.001930437549933696,0.0011708695606953243,0.2136088335662172
FRESH20,Cosmos3_seed101_0004,CONTACT,1.0,yellow cube,111,TEMPORAL_BIN+GLOBAL_CLOSEST,0.0,0.0,0.0024787214054187,0.9972600232805452,0.000261255314036,49.88912669543086,1,/shared/ssd_30T/zhuoyingyang/physact/sam3_robowm/pipeline20_e2e_v1/motion_hybrid/Cosmos3_seed101_0004_hybrid_trace.csv,hybrid_candidate,/shared/ssd_30T/zhuoyingyang/physact/sam3_robowm/vlm_contact_oracle9/whole_video_causal_v1/candidate_rois/FRESH20/Cosmos3_seed101_0004/frame_0111,1,1,0.5,49.88912669543086,24.94456334771543,1,1,0.5,49.88912669543086,24.94456334771543,1,1,0.5,49.88912669543086,24.94456334771543,0.9988268581910534,0.0009118829652324387,0.00026125884371418765,0.0717200326330407
FRESH20,Cosmos3_seed101_0004,CONTACT,1.0,yellow cube,118,TEMPORAL_BIN,0.0,0.0,0.0002612319369981,0.991087954403262,0.0086508136597399,50.419479086137095,1,/shared/ssd_30T/zhuoyingyang/physact/sam3_robowm/pipeline20_e2e_v1/motion_hybrid/Cosmos3_seed101_0004_hybrid_trace.csv,hybrid_candidate,/shared/ssd_30T/zhuoyingyang/physact/sam3_robowm/vlm_contact_oracle9/whole_video_causal_v1/candidate_rois/FRESH20/Cosmos3_seed101_0004/frame_0118,1,1,0.5,50.419479086137095,25.209739543068547,1,1,0.5,50.419479086137095,25.209739543068547,1,1,0.5,50.419479086137095,25.209739543068547,0.9900800832074563,0.006737396183087978,0.0031825206094557384,0.6551218700999727
FRESH20,Cosmos3_seed101_0004,CONTACT,1.0,yellow cube,123,GLOBAL_CLOSEST,0.0,0.0,0.0004307197066501,0.9928316904769562,0.0067375898163935,50.31534350548717,1,/shared/ssd_30T/zhuoyingyang/physact/sam3_robowm/pipeline20_e2e_v1/motion_hybrid/Cosmos3_seed101_0004_hybrid_trace.csv,hybrid_candidate,/shared/ssd_30T/zhuoyingyang/physact/sam3_robowm/vlm_contact_oracle9/whole_video_causal_v1/candidate_rois/FRESH20/Cosmos3_seed101_0004/frame_0123,1,1,0.5,50.31534350548717,25.157671752743585,1,1,0.5,50.31534350548717,25.157671752743585,1,1,0.5,50.31534350548717,25.157671752743585,0.9960178992848394,0.0024786957479371948,0.0015034049672232458,0.2742752841191843
FRESH20,Cosmos3_seed101_0004,CONTACT,1.0,yellow cube,135,GLOBAL_CLOSEST,0.0,0.0,0.0006671109397348,0.9518283113358874,0.0475045777243776,52.34187333923214,1,/shared/ssd_30T/zhuoyingyang/physact/sam3_robowm/pipeline20_e2e_v1/motion_hybrid/Cosmos3_seed101_0004_hybrid_trace.csv,hybrid_candidate,/shared/ssd_30T/zhuoyingyang/physact/sam3_robowm/vlm_contact_oracle9/whole_video_causal_v1/candidate_rois/FRESH20/Cosmos3_seed101_0004/frame_0135,1,1,0.5,52.34187333923214,26.17093666961607,1,1,0.5,52.34187333923214,26.17093666961607,1,1,0.5,52.34187333923214,26.17093666961607,0.9604128890623976,0.028818444855691763,0.010768666081910534,2.5177888509756414
FRESH20,Cosmos3_seed101_0004,CONTACT,1.0,yellow cube,146,TEMPORAL_BIN,0.0,0.0,0.0129875066035572,0.9122745531409704,0.0747379402554726,53.08752168259577,1,/shared/ssd_30T/zhuoyingyang/physact/sam3_robowm/pipeline20_e2e_v1/motion_hybrid/Cosmos3_seed101_0004_hybrid_trace.csv,hybrid_candidate,/shared/ssd_30T/zhuoyingyang/physact/sam3_robowm/vlm_contact_oracle9/whole_video_causal_v1/candidate_rois/FRESH20/Cosmos3_seed101_0004/frame_0146,1,1,0.5,53.08752168259577,26.543760841297885,1,1,0.5,53.08752168259577,26.543760841297885,1,1,0.5,53.08752168259577,26.543760841297885,0.9495992389678247,0.01340057818782558,0.0370001828443497,4.37004719382625
FRESH20,Cosmos3_seed101_0004,CONTACT,1.0,yellow cube,147,GLOBAL_CLOSEST,0.0,0.0,0.0283653584724279,0.9352128002955156,0.0364218412320564,50.40282413798143,1,/shared/ssd_30T/zhuoyingyang/physact/sam3_robowm/pipeline20_e2e_v1/motion_hybrid/Cosmos3_seed101_0004_hybrid_trace.csv,hybrid_candidate,/shared/ssd_30T/zhuoyingyang/physact/sam3_robowm/vlm_contact_oracle9/whole_video_causal_v1/candidate_rois/FRESH20/Cosmos3_seed101_0004/frame_0147,1,1,0.5,50.40282413798143,25.201412068990717,1,1,0.5,50.40282413798143,25.201412068990717,1,1,0.5,50.40282413798143,25.201412068990717,0.9777838240681854,0.00838750991943458,0.013828666012380109,1.80224209720974
FRESH20,Cosmos3_seed101_0004,CONTACT,1.0,yellow cube,159,GLOBAL_CLOSEST,0.0,0.0,0.0001159095514886,0.952386457390968,0.0474976330575434,52.36908617530275,1,/shared/ssd_30T/zhuoyingyang/physact/sam3_robowm/pipeline20_e2e_v1/motion_hybrid/Cosmos3_seed101_0004_hybrid_trace.csv,hybrid_candidate,/shared/ssd_30T/zhuoyingyang/physact/sam3_robowm/vlm_contact_oracle9/whole_video_causal_v1/candidate_rois/FRESH20/Cosmos3_seed101_0004/frame_0159,1,1,0.5,52.36908617530275,26.18454308765137,1,1,0.5,52.36908617530275,26.18454308765137,1,1,0.5,52.36908617530275,26.18454308765137,0.883592557705209,0.04394854361705695,0.07245889867773414,9.44331704862626
FRESH20,Cosmos3_seed101_0014,PENETRATION,,white cup,33,TEMPORAL_BIN,1.6396912368059189,55.390045166015625,0.976849275586535,0.0231478227592136,2.901654251220049e-06,1.1576813033858029,1,/shared/ssd_30T/zhuoyingyang/physact/sam3_robowm/pipeline20_e2e_v1/motion_hybrid/Cosmos3_seed101_0014_hybrid_trace.csv,hybrid_candidate,/shared/ssd_30T/zhuoyingyang/physact/sam3_robowm/vlm_contact_oracle9/whole_video_causal_v1/candidate_rois/FRESH20/Cosmos3_seed101_0014/frame_0033,1,1,0.5,1.1576813033858029,0.5788406516929014,1,1,0.5,1.1576813033858029,0.5788406516929014,1,1,0.5,1.1576813033858029,0.5788406516929014,0.999981980581916,1.01300934063847e-05,7.889324677478877e-06,0.0012954371380671226
FRESH20,Cosmos3_seed101_0014,PENETRATION,,white cup,60,TEMPORAL_BIN+GLOBAL_CLOSEST,0.0,0.0,0.0005031975267108,0.9036043275103895,0.0958924749628996,54.76946387180944,1,/shared/ssd_30T/zhuoyingyang/physact/sam3_robowm/pipeline20_e2e_v1/motion_hybrid/Cosmos3_seed101_0014_hybrid_trace.csv,hybrid_candidate,/shared/ssd_30T/zhuoyingyang/physact/sam3_robowm/vlm_contact_oracle9/whole_video_causal_v1/candidate_rois/FRESH20/Cosmos3_seed101_0014/frame_0060,1,1,0.5,54.76946387180944,27.38473193590472,1,1,0.5,54.76946387180944,27.38473193590472,1,1,0.5,54.76946387180944,27.38473193590472,0.9065328106564431,0.035287665175449304,0.05817952416810743,7.582335675583208
FRESH20,Cosmos3_seed101_0014,PENETRATION,,white cup,65,TEMPORAL_BIN,0.0,0.0,0.0019301002477848,0.9869629397013528,0.0111069600508621,50.458842990153855,1,/shared/ssd_30T/zhuoyingyang/physact/sam3_robowm/pipeline20_e2e_v1/motion_hybrid/Cosmos3_seed101_0014_hybrid_trace.csv,hybrid_candidate,/shared/ssd_30T/zhuoyingyang/physact/sam3_robowm/vlm_contact_oracle9/whole_video_causal_v1/candidate_rois/FRESH20/Cosmos3_seed101_0014/frame_0065,1,1,0.5,50.458842990153855,25.229421495076927,1,1,0.5,50.458842990153855,25.229421495076927,1,1,0.5,50.458842990153855,25.229421495076927,0.9959053931592977,0.0031827373288429283,0.0009118695118594872,0.25032381762809514
FRESH20,Cosmos3_seed101_0014,PENETRATION,,white cup,72,GLOBAL_CLOSEST,0.0,0.0,0.0004883934522767,0.6796971332593206,0.3198144732884026,65.9663039918063,1,/shared/ssd_30T/zhuoyingyang/physact/sam3_robowm/pipeline20_e2e_v1/motion_hybrid/Cosmos3_seed101_0014_hybrid_trace.csv,hybrid_candidate,/shared/ssd_30T/zhuoyingyang/physact/sam3_robowm/vlm_contact_oracle9/whole_video_causal_v1/candidate_rois/FRESH20/Cosmos3_seed101_0014/frame_0072,0,1,1.0,65.9663039918063,65.9663039918063,1,1,0.5,65.9663039918063,32.98315199590315,1,1,0.5,65.9663039918063,32.98315199590315,0.8421164512966889,0.08875842095746,0.06912512774585125,11.350433822458125
FRESH20,Cosmos3_seed101_0014,PENETRATION,,white cup,84,GLOBAL_CLOSEST,0.0,0.0,0.0002304588146079,0.8803889196606254,0.1193806215247666,55.95750813550793,1,/shared/ssd_30T/zhuoyingyang/physact/sam3_robowm/pipeline20_e2e_v1/motion_hybrid/Cosmos3_seed101_0014_hybrid_trace.csv,hybrid_candidate,/shared/ssd_30T/zhuoyingyang/physact/sam3_robowm/vlm_contact_oracle9/whole_video_causal_v1/candidate_rois/FRESH20/Cosmos3_seed101_0014/frame_0084,1,1,0.5,55.95750813550793,27.978754067753965,1,1,0.5,55.95750813550793,27.978754067753965,1,1,0.5,55.95750813550793,27.978754067753965,0.8064319313905771,0.08474864911535544,0.10881941949406747,15.119374405174518
FRESH20,Cosmos3_seed101_0014,PENETRATION,,white cup,96,TEMPORAL_BIN+GLOBAL_CLOSEST,0.0,0.0,0.0007804117731515,0.8516567782191166,0.1475628100077319,57.33911991172902,1,/shared/ssd_30T/zhuoyingyang/physact/sam3_robowm/pipeline20_e2e_v1/motion_hybrid/Cosmos3_seed101_0014_hybrid_trace.csv,hybrid_candidate,/shared/ssd_30T/zhuoyingyang/physact/sam3_robowm/vlm_contact_oracle9/whole_video_causal_v1/candidate_rois/FRESH20/Cosmos3_seed101_0014/frame_0096,1,1,0.5,57.33911991172902,28.66955995586451,1,1,0.5,57.33911991172902,28.66955995586451,1,1,0.5,57.33911991172902,28.66955995586451,0.887128078773841,0.05643596061307948,0.05643596061307948,8.465394091961922
FRESH20,Cosmos3_seed101_0014,PENETRATION,,white cup,108,GLOBAL_CLOSEST,0.0,0.0,9.608267598978867e-05,0.6219404664687462,0.3779634508552641,68.89336840896372,1,/shared/ssd_30T/zhuoyingyang/physact/sam3_robowm/pipeline20_e2e_v1/motion_hybrid/Cosmos3_seed101_0014_hybrid_trace.csv,hybrid_candidate,/shared/ssd_30T/zhuoyingyang/physact/sam3_robowm/vlm_contact_oracle9/whole_video_causal_v1/candidate_rois/FRESH20/Cosmos3_seed101_0014/frame_0108,1,1,0.5,68.89336840896372,34.44668420448186,1,1,0.5,68.89336840896372,34.44668420448186,1,1,0.5,68.89336840896372,34.44668420448186,0.715568665843051,0.15935340973787987,0.12507792441906904,20.475462928800898
FRESH20,Cosmos3_seed101_0014,PENETRATION,,white cup,123,GLOBAL_CLOSEST,0.0,0.0,0.000345920553995,0.6217850672511852,0.3778690121948196,68.87615458204121,1,/shared/ssd_30T/zhuoyingyang/physact/sam3_robowm/pipeline20_e2e_v1/motion_hybrid/Cosmos3_seed101_0014_hybrid_trace.csv,hybrid_candidate,/shared/ssd_30T/zhuoyingyang/physact/sam3_robowm/vlm_contact_oracle9/whole_video_causal_v1/candidate_rois/FRESH20/Cosmos3_seed101_0014/frame_0123,1,1,0.5,68.87615458204121,34.438077291020605,1,1,0.5,68.87615458204121,34.438077291020605,1,1,0.5,68.87615458204121,34.438077291020605,0.883592557705209,0.04394854361705695,0.07245889867773414,9.44331704862626
FRESH20,Cosmos3_seed101_0014,PENETRATION,,white cup,154,TEMPORAL_BIN,0.0,0.0,9.012519496075922e-05,0.5621258346190534,0.4377840401859858,71.88469574955126,1,/shared/ssd_30T/zhuoyingyang/physact/sam3_robowm/pipeline20_e2e_v1/motion_hybrid/Cosmos3_seed101_0014_hybrid_trace.csv,hybrid_candidate,/shared/ssd_30T/zhuoyingyang/physact/sam3_robowm/vlm_contact_oracle9/whole_video_causal_v1/candidate_rois/FRESH20/Cosmos3_seed101_0014/frame_0154,1,1,0.5,71.88469574955126,35.94234787477563,1,1,0.5,71.88469574955126,35.94234787477563,1,1,0.5,71.88469574955126,35.94234787477563,0.7417146644578869,0.12914266777105662,0.12914266777105662,19.371400165658493
FRESH20,Cosmos3_seed101_0014,PENETRATION,,white cup,158,TEMPORAL_BIN,0.0,0.0,0.0001399758437087,0.679934067426137,0.3199259567301542,65.98929904432227,1,/shared/ssd_30T/zhuoyingyang/physact/sam3_robowm/pipeline20_e2e_v1/motion_hybrid/Cosmos3_seed101_0014_hybrid_trace.csv,hybrid_candidate,/shared/ssd_30T/zhuoyingyang/physact/sam3_robowm/vlm_contact_oracle9/whole_video_causal_v1/candidate_rois/FRESH20/Cosmos3_seed101_0014/frame_0158,1,1,0.5,65.98929904432227,32.99464952216113,1,1,0.5,65.98929904432227,32.99464952216113,1,1,0.5,65.98929904432227,32.99464952216113,0.807971082998505,0.14067881645101432,0.05135010055048076,12.16895087759879
FRESH20,Cosmos3_seed101_0015,CONTACT,1.0,white cup,33,TEMPORAL_BIN,5.486146461736127,151.2549591064453,0.9999245005871252,7.485181776229624e-05,6.475951126789183e-07,0.0038073503993827,1,/shared/ssd_30T/zhuoyingyang/physact/sam3_robowm/pipeline20_e2e_v1/motion_hybrid/Cosmos3_seed101_0015_hybrid_trace.csv,hybrid_candidate,/shared/ssd_30T/zhuoyingyang/physact/sam3_robowm/vlm_contact_oracle9/whole_video_causal_v1/candidate_rois/FRESH20/Cosmos3_seed101_0015/frame_0033,0,0,0.0,0.0,0.0,0,0,0.0,0.0,0.0,0,0,0.0,0.0,0.0,0.9999957267204269,1.3709591113982208e-06,2.9023204616053306e-06,0.0003587800017304441
FRESH20,Cosmos3_seed101_0015,CONTACT,1.0,white cup,64,TEMPORAL_BIN,5.1296280927620295,141.1291961669922,0.999737370339177,0.0002612587009827,1.3709598403532442e-06,0.0132000310331731,1,/shared/ssd_30T/zhuoyingyang/physact/sam3_robowm/pipeline20_e2e_v1/motion_hybrid/Cosmos3_seed101_0015_hybrid_trace.csv,hybrid_candidate,/shared/ssd_30T/zhuoyingyang/physact/sam3_robowm/vlm_contact_oracle9/whole_video_causal_v1/candidate_rois/FRESH20/Cosmos3_seed101_0015/frame_0064,0,0,0.0,0.0,0.0,0,0,0.0,0.0,0.0,0,1,1.0,0.0132000310331731,0.0132000310331731,0.9999869675864969,2.902320296371631e-06,1.0130093206739288e-05,0.0011581253354925104
FRESH20,Cosmos3_seed101_0015,CONTACT,1.0,white cup,95,TEMPORAL_BIN,0.9139768703204236,25.1881046295166,0.017755254165519,0.9819092240920296,0.0003355217424514,49.12901337884662,1,/shared/ssd_30T/zhuoyingyang/physact/sam3_robowm/pipeline20_e2e_v1/motion_hybrid/Cosmos3_seed101_0015_hybrid_trace.csv,hybrid_candidate,/shared/ssd_30T/zhuoyingyang/physact/sam3_robowm/vlm_contact_oracle9/whole_video_causal_v1/candidate_rois/FRESH20/Cosmos3_seed101_0015/frame_0095,0,1,1.0,49.12901337884662,49.12901337884662,0,1,1.0,49.12901337884662,49.12901337884662,0,1,1.0,49.12901337884662,49.12901337884662,0.9721185565218252,0.0050862869309833535,0.022795156547191435,2.5338300012683113
FRESH20,Cosmos3_seed101_0015,CONTACT,1.0,white cup,110,TEMPORAL_BIN+GLOBAL_CLOSEST,0.0,0.0,0.0006883119392538,0.970043919650111,0.0292677684106351,51.42897282356906,1,/shared/ssd_30T/zhuoyingyang/physact/sam3_robowm/pipeline20_e2e_v1/motion_hybrid/Cosmos3_seed101_0015_hybrid_trace.csv,hybrid_candidate,/shared/ssd_30T/zhuoyingyang/physact/sam3_robowm/vlm_contact_oracle9/whole_video_causal_v1/candidate_rois/FRESH20/Cosmos3_seed101_0015/frame_0110,0,1,1.0,51.42897282356906,51.42897282356906,1,1,0.5,51.42897282356906,25.71448641178453,1,1,0.5,51.42897282356906,25.71448641178453,0.9623568736233653,0.029259996906739555,0.008383129469895207,2.301312792326499
FRESH20,Cosmos3_seed101_0015,CONTACT,1.0,white cup,122,GLOBAL_CLOSEST,0.0,0.0,0.0002958759251689,0.9037917585215502,0.0959123655532806,54.78082448140557,1,/shared/ssd_30T/zhuoyingyang/physact/sam3_robowm/pipeline20_e2e_v1/motion_hybrid/Cosmos3_seed101_0015_hybrid_trace.csv,hybrid_candidate,/shared/ssd_30T/zhuoyingyang/physact/sam3_robowm/vlm_contact_oracle9/whole_video_causal_v1/candidate_rois/FRESH20/Cosmos3_seed101_0015/frame_0122,1,1,0.5,54.78082448140557,27.390412240702787,1,1,0.5,54.78082448140557,27.390412240702787,1,1,0.5,54.78082448140557,27.390412240702787,0.8308592186389212,0.14409996260768065,0.025040818753398354,9.709080005723868
FRESH20,Cosmos3_seed101_0015,CONTACT,1.0,white cup,127,TEMPORAL_BIN,0.0,0.0,0.0006463111338494,0.9034326117283896,0.0959210771377612,54.7637383001956,1,/shared/ssd_30T/zhuoyingyang/physact/sam3_robowm/pipeline20_e2e_v1/motion_hybrid/Cosmos3_seed101_0015_hybrid_trace.csv,hybrid_candidate,/shared/ssd_30T/zhuoyingyang/physact/sam3_robowm/vlm_contact_oracle9/whole_video_causal_v1/candidate_rois/FRESH20/Cosmos3_seed101_0015/frame_0127,0,1,1.0,54.7637383001956,54.7637383001956,1,1,0.5,54.7637383001956,27.3818691500978,1,1,0.5,54.7637383001956,27.3818691500978,0.9633874165372128,0.022789844215818665,0.013822739246968639,2.521766135487797
FRESH20,Cosmos3_seed101_0015,CONTACT,1.0,white cup,134,GLOBAL_CLOSEST,0.0,0.0,0.0010660697306888,0.9230197316485488,0.0759141986207622,53.74240644450367,1,/shared/ssd_30T/zhuoyingyang/physact/sam3_robowm/pipeline20_e2e_v1/motion_hybrid/Cosmos3_seed101_0015_hybrid_trace.csv,hybrid_candidate,/shared/ssd_30T/zhuoyingyang/physact/sam3_robowm/vlm_contact_oracle9/whole_video_causal_v1/candidate_rois/FRESH20/Cosmos3_seed101_0015/frame_0134,1,1,0.5,53.74240644450367,26.871203222251832,1,1,0.5,53.74240644450367,26.871203222251832,1,1,0.5,53.74240644450367,26.871203222251832,0.97067455739856,0.022794662462985744,0.006530780138454331,1.7928111369947202
FRESH20,Cosmos3_seed101_0015,CONTACT,1.0,white cup,147,GLOBAL_CLOSEST,0.0,0.0,0.0008840268437158,0.9813598193457403,0.0177561538105437,50.8436063483414,1,/shared/ssd_30T/zhuoyingyang/physact/sam3_robowm/pipeline20_e2e_v1/motion_hybrid/Cosmos3_seed101_0015_hybrid_trace.csv,hybrid_candidate,/shared/ssd_30T/zhuoyingyang/physact/sam3_robowm/vlm_contact_oracle9/whole_video_causal_v1/candidate_rois/FRESH20/Cosmos3_seed101_0015/frame_0147,1,1,0.5,50.8436063483414,25.421803174170694,1,1,0.5,50.8436063483414,25.421803174170694,1,1,0.5,50.8436063483414,25.421803174170694,0.9350338115865088,0.06003797159752652,0.00492821681596464,3.4947202614727897
FRESH20,Cosmos3_seed101_0015,CONTACT,1.0,white cup,158,TEMPORAL_BIN,0.0,0.0,0.0010651403263267,0.903053983065241,0.0958808766084324,54.74078681410529,1,/shared/ssd_30T/zhuoyingyang/physact/sam3_robowm/pipeline20_e2e_v1/motion_hybrid/Cosmos3_seed101_0015_hybrid_trace.csv,hybrid_candidate,/shared/ssd_30T/zhuoyingyang/physact/sam3_robowm/vlm_contact_oracle9/whole_video_causal_v1/candidate_rois/FRESH20/Cosmos3_seed101_0015/frame_0158,1,1,0.5,54.74078681410529,27.37039340705265,1,1,0.5,54.74078681410529,27.37039340705265,1,1,0.5,54.74078681410529,27.37039340705265,0.9495992389678247,0.0370001828443497,0.01340057818782558,3.190066961000043
FRESH20,Cosmos3_seed101_0015,CONTACT,1.0,white cup,159,GLOBAL_CLOSEST,0.0,0.0,0.0010329035736265,0.8795796758831774,0.119387420543196,55.91772584847847,1,/shared/ssd_30T/zhuoyingyang/physact/sam3_robowm/pipeline20_e2e_v1/motion_hybrid/Cosmos3_seed101_0015_hybrid_trace.csv,hybrid_candidate,/shared/ssd_30T/zhuoyingyang/physact/sam3_robowm/vlm_contact_oracle9/whole_video_causal_v1/candidate_rois/FRESH20/Cosmos3_seed101_0015/frame_0159,1,1,0.5,55.91772584847847,27.958862924239234,1,1,0.5,55.91772584847847,27.958862924239234,1,1,0.5,55.91772584847847,27.958862924239234,0.9282604924121555,0.03586975379392222,0.03586975379392222,5.380463069088333
FRESH20,Cosmos3_seed101_0015,CONTACT,1.0,white cup,171,GLOBAL_CLOSEST,0.0,0.0,0.0759118609372053,0.92119035032255,0.0028977887402448,46.34929639015198,1,/shared/ssd_30T/zhuoyingyang/physact/sam3_robowm/pipeline20_e2e_v1/motion_hybrid/Cosmos3_seed101_0015_hybrid_trace.csv,hybrid_candidate,/shared/ssd_30T/zhuoyingyang/physact/sam3_robowm/vlm_contact_oracle9/whole_video_causal_v1/candidate_rois/FRESH20/Cosmos3_seed101_0015/frame_0171,1,1,0.5,46.34929639015198,23.17464819507599,1,1,0.5,46.34929639015198,23.17464819507599,1,1,0.5,46.34929639015198,23.17464819507599,0.999329074585767,0.00033546270711643205,0.00033546270711643205,0.0503194060674648
FRESH20,Cosmos3_seed101_0029,CONTACT,1.0,brown cube,33,TEMPORAL_BIN,1.3311920841312692,70.67007446289062,0.7309498518155642,0.2689014230102583,0.0001487251741774,13.459943667930666,1,/shared/ssd_30T/zhuoyingyang/physact/sam3_robowm/pipeline20_e2e_v1/motion_hybrid/Cosmos3_seed101_0029_hybrid_trace.csv,hybrid_candidate,/shared/ssd_30T/zhuoyingyang/physact/sam3_robowm/vlm_contact_oracle9/whole_video_causal_v1/candidate_rois/FRESH20/Cosmos3_seed101_0029/frame_0033,0,0,0.0,0.0,0.0,0,0,0.0,0.0,0.0,0,0,0.0,0.0,0.0,0.9979434737783061,0.0005530850851470046,0.0015034411365468265,0.17799836791203288
FRESH20,Cosmos3_seed101_0029,CONTACT,1.0,brown cube,64,TEMPORAL_BIN,0.323784864652218,17.190000534057617,0.6800019806472168,0.3199579115964706,4.010775631266877e-05,16.0019063554548,1,/shared/ssd_30T/zhuoyingyang/physact/sam3_robowm/pipeline20_e2e_v1/motion_hybrid/Cosmos3_seed101_0029_hybrid_trace.csv,hybrid_candidate,/shared/ssd_30T/zhuoyingyang/physact/sam3_robowm/vlm_contact_oracle9/whole_video_causal_v1/candidate_rois/FRESH20/Cosmos3_seed101_0029/frame_0064,0,0,0.0,0.0,0.0,0,0,0.0,0.0,0.0,0,0,0.0,0.0,0.0,0.9997531805897517,0.0001234097051242074,0.0001234097051242074,0.01851145576863111
FRESH20,Cosmos3_seed101_0029,CONTACT,1.0,brown cube,73,GLOBAL_CLOSEST,0.1080809635927508,5.730000019073486,0.2230282959111332,0.7769263248852545,4.537920361226161e-05,38.85085416462395,1,/shared/ssd_30T/zhuoyingyang/physact/sam3_robowm/pipeline20_e2e_v1/motion_hybrid/Cosmos3_seed101_0029_hybrid_trace.csv,hybrid_candidate,/shared/ssd_30T/zhuoyingyang/physact/sam3_robowm/vlm_contact_oracle9/whole_video_causal_v1/candidate_rois/FRESH20/Cosmos3_seed101_0029/frame_0073,0,0,0.0,0.0,0.0,0,0,0.0,0.0,0.0,0,0,0.0,0.0,0.0,0.9995060770096698,0.00015846101626491396,0.00033546197406528417,0.041469248219774116
FRESH20,Cosmos3_seed101_0029,CONTACT,1.0,brown cube,95,TEMPORAL_BIN,0.0976666727031105,5.189300060272217,0.0067376192883893,0.992926934399463,0.0003354463121476,49.67989135118792,1,/shared/ssd_30T/zhuoyingyang/physact/sam3_robowm/pipeline20_e2e_v1/motion_hybrid/Cosmos3_seed101_0029_hybrid_trace.csv,hybrid_candidate,/shared/ssd_30T/zhuoyingyang/physact/sam3_robowm/vlm_contact_oracle9/whole_video_causal_v1/candidate_rois/FRESH20/Cosmos3_seed101_0029/frame_0095,0,0,0.0,0.0,0.0,0,0,0.0,0.0,0.0,0,1,1.0,49.67989135118792,49.67989135118792,0.9956464681876362,0.003182686778767261,0.001170845033596638,0.27621884229802685
FRESH20,Cosmos3_seed101_0029,CONTACT,1.0,brown cube,104,GLOBAL_CLOSEST,0.0436713406785507,2.3243000507354736,0.0067376137271328,0.992350549410767,0.0009118368621004,49.70871115674839,1,/shared/ssd_30T/zhuoyingyang/physact/sam3_robowm/pipeline20_e2e_v1/motion_hybrid/Cosmos3_seed101_0029_hybrid_trace.csv,hybrid_candidate,/shared/ssd_30T/zhuoyingyang/physact/sam3_robowm/vlm_contact_oracle9/whole_video_causal_v1/candidate_rois/FRESH20/Cosmos3_seed101_0029/frame_0104,0,0,0.0,0.0,0.0,0,1,1.0,49.70871115674839,49.70871115674839,0,1,1.0,49.70871115674839,49.70871115674839,0.9928224745987114,0.005247191517946817,0.0019303338833418075,0.45539296423152165
FRESH20,Cosmos3_seed101_0029,CONTACT,1.0,brown cube,118,TEMPORAL_BIN+GLOBAL_CLOSEST,0.0,0.0,0.0003684855331271,0.8521307036154099,0.147500810851463,57.356616265916806,1,/shared/ssd_30T/zhuoyingyang/physact/sam3_robowm/pipeline20_e2e_v1/motion_hybrid/Cosmos3_seed101_0029_hybrid_trace.csv,hybrid_candidate,/shared/ssd_30T/zhuoyingyang/physact/sam3_robowm/vlm_contact_oracle9/whole_video_causal_v1/candidate_rois/FRESH20/Cosmos3_seed101_0029/frame_0118,0,1,1.0,57.356616265916806,57.356616265916806,0,1,1.0,57.356616265916806,57.356616265916806,0,1,1.0,57.356616265916806,57.356616265916806,0.9432544624214222,0.028372768789288808,0.028372768789288808,4.255915318393321
FRESH20,Cosmos3_seed101_0029,CONTACT,1.0,brown cube,128,TEMPORAL_BIN,0.0,0.0,4.005536400235636e-05,0.1194033572466879,0.8805565873893096,94.02582660126536,1,/shared/ssd_30T/zhuoyingyang/physact/sam3_robowm/pipeline20_e2e_v1/motion_hybrid/Cosmos3_seed101_0029_hybrid_trace.csv,hybrid_candidate,/shared/ssd_30T/zhuoyingyang/physact/sam3_robowm/vlm_contact_oracle9/whole_video_causal_v1/candidate_rois/FRESH20/Cosmos3_seed101_0029/frame_0128,1,1,0.5,94.02582660126536,47.01291330063268,1,1,0.5,94.02582660126536,47.01291330063268,1,1,0.5,94.02582660126536,47.01291330063268,0.22289163837561807,0.17358818250699973,0.6035201791173822,69.0314270370882
FRESH20,Cosmos3_seed101_0029,CONTACT,1.0,brown cube,130,GLOBAL_CLOSEST,0.0,0.0,6.600487888870234e-05,0.0958920790810067,0.9040419160401044,95.1987955580608,1,/shared/ssd_30T/zhuoyingyang/physact/sam3_robowm/pipeline20_e2e_v1/motion_hybrid/Cosmos3_seed101_0029_hybrid_trace.csv,hybrid_candidate,/shared/ssd_30T/zhuoyingyang/physact/sam3_robowm/vlm_contact_oracle9/whole_video_causal_v1/candidate_rois/FRESH20/Cosmos3_seed101_0029/frame_0130,1,1,0.5,95.1987955580608,47.5993977790304,1,1,0.5,95.1987955580608,47.5993977790304,1,1,0.5,95.1987955580608,47.5993977790304,0.16819978339601357,0.07945195185456029,0.7523482647494261,79.20742406767062
FRESH20,Cosmos3_seed101_0029,CONTACT,1.0,brown cube,142,GLOBAL_CLOSEST,0.0,0.0,0.0006463111338494,0.9034326117283896,0.0959210771377612,54.7637383001956,1,/shared/ssd_30T/zhuoyingyang/physact/sam3_robowm/pipeline20_e2e_v1/motion_hybrid/Cosmos3_seed101_0029_hybrid_trace.csv,hybrid_candidate,/shared/ssd_30T/zhuoyingyang/physact/sam3_robowm/vlm_contact_oracle9/whole_video_causal_v1/candidate_rois/FRESH20/Cosmos3_seed101_0029/frame_0142,1,0,0.0,0.0,0.0,1,0,0.0,0.0,0.0,1,0,0.0,0.0,0.0,0.7038353219835753,0.20165219594793074,0.0945124820684938,19.533858004245918
FRESH20,Cosmos3_seed101_0029,CONTACT,1.0,brown cube,154,GLOBAL_CLOSEST,0.0,0.0,0.0067375009323841,0.9920916969615944,0.0011708021060214,49.72166505868187,1,/shared/ssd_30T/zhuoyingyang/physact/sam3_robowm/pipeline20_e2e_v1/motion_hybrid/Cosmos3_seed101_0029_hybrid_trace.csv,hybrid_candidate,/shared/ssd_30T/zhuoyingyang/physact/sam3_robowm/vlm_contact_oracle9/whole_video_causal_v1/candidate_rois/FRESH20/Cosmos3_seed101_0029/frame_0154,0,0,0.0,0.0,0.0,1,0,0.0,0.0,0.0,1,0,0.0,0.0,0.0,0.9869629397013528,0.011106960050862131,0.0019301002477848694,0.7483580273215935
FRESH20,Cosmos3_seed101_0029,CONTACT,1.0,brown cube,160,TEMPORAL_BIN,0.0,0.0,0.0292695156971669,0.9692732409237238,0.0014572433791091,48.6093863840971,1,/shared/ssd_30T/zhuoyingyang/physact/sam3_robowm/pipeline20_e2e_v1/motion_hybrid/Cosmos3_seed101_0029_hybrid_trace.csv,hybrid_candidate,/shared/ssd_30T/zhuoyingyang/physact/sam3_robowm/vlm_contact_oracle9/whole_video_causal_v1/candidate_rois/FRESH20/Cosmos3_seed101_0029/frame_0160,0,0,0.0,0.0,0.0,0,0,0.0,0.0,0.0,1,0,0.0,0.0,0.0,0.9956464681876362,0.003182686778767261,0.001170845033596638,0.27621884229802685
FRESH20,Cosmos3_seed101_0034,CONTACT,1.0,yellow cube,31,TEMPORAL_BIN,6.353878396903846,112.10717010498048,0.9857350006774588,0.0142612734428161,3.7258797249547424e-06,0.7134362601133047,1,/shared/ssd_30T/zhuoyingyang/physact/sam3_robowm/pipeline20_e2e_v1/motion_hybrid/Cosmos3_seed101_0034_hybrid_trace.csv,hybrid_candidate,/shared/ssd_30T/zhuoyingyang/physact/sam3_robowm/vlm_contact_oracle9/whole_video_causal_v1/candidate_rois/FRESH20/Cosmos3_seed101_0034/frame_0031,1,0,0.0,0.0,0.0,1,0,0.0,0.0,0.0,1,0,0.0,0.0,0.0,0.9999877115739505,6.144213024672909e-06,6.144213024672909e-06,0.0009216319537009364
FRESH20,Cosmos3_seed101_0034,CONTACT,1.0,yellow cube,57,TEMPORAL_BIN,3.15142195536833,55.40401458740234,0.6800163712854022,0.3199646827510721,1.894596352574245e-05,16.000128733906184,1,/shared/ssd_30T/zhuoyingyang/physact/sam3_robowm/pipeline20_e2e_v1/motion_hybrid/Cosmos3_seed101_0034_hybrid_trace.csv,hybrid_candidate,/shared/ssd_30T/zhuoyingyang/physact/sam3_robowm/vlm_contact_oracle9/whole_video_causal_v1/candidate_rois/FRESH20/Cosmos3_seed101_0034/frame_0057,0,0,0.0,0.0,0.0,0,0,0.0,0.0,0.0,1,0,0.0,0.0,0.0,0.9999655472981988,1.3007296079925613e-05,2.1445405721267752e-05,0.0027949053761230557
FRESH20,Cosmos3_seed101_0034,CONTACT,1.0,yellow cube,78,TEMPORAL_BIN,1.8491031212601976,32.5753059387207,0.4378089821587097,0.5621578607459733,3.31570953169737e-05,28.111208746830364,1,/shared/ssd_30T/zhuoyingyang/physact/sam3_robowm/pipeline20_e2e_v1/motion_hybrid/Cosmos3_seed101_0034_hybrid_trace.csv,hybrid_candidate,/shared/ssd_30T/zhuoyingyang/physact/sam3_robowm/vlm_contact_oracle9/whole_video_causal_v1/candidate_rois/FRESH20/Cosmos3_seed101_0034/frame_0078,0,0,0.0,0.0,0.0,0,0,0.0,0.0,0.0,0,0,0.0,0.0,0.0,0.9998017383495797,0.00012340981432364085,7.485183609673149e-05,0.01365567432585519
FRESH20,Cosmos3_seed101_0034,CONTACT,1.0,yellow cube,100,TEMPORAL_BIN+GLOBAL_CLOSEST,0.7792830026251777,13.657899856567385,0.037572548757966,0.9624073098102462,2.014143178779312e-05,48.12237963369109,1,/shared/ssd_30T/zhuoyingyang/physact/sam3_robowm/pipeline20_e2e_v1/motion_hybrid/Cosmos3_seed101_0034_hybrid_trace.csv,hybrid_candidate,/shared/ssd_30T/zhuoyingyang/physact/sam3_robowm/vlm_contact_oracle9/whole_video_causal_v1/candidate_rois/FRESH20/Cosmos3_seed101_0034/frame_0100,0,0,0.0,0.0,0.0,0,0,0.0,0.0,0.0,0,1,1.0,48.12237963369109,48.12237963369109,0.9998668534585818,7.485185675936947e-05,5.8294684658545564e-05,0.009572061303823029
FRESH20,Cosmos3_seed101_0034,CONTACT,1.0,yellow cube,113,GLOBAL_CLOSEST,1.4697004680301156,25.78499984741211,0.0040867260883814,0.9954825361509064,0.0004307377607121,49.81720058361654,1,/shared/ssd_30T/zhuoyingyang/physact/sam3_robowm/pipeline20_e2e_v1/motion_hybrid/Cosmos3_seed101_0034_hybrid_trace.csv,hybrid_candidate,/shared/ssd_30T/zhuoyingyang/physact/sam3_robowm/vlm_contact_oracle9/whole_video_causal_v1/candidate_rois/FRESH20/Cosmos3_seed101_0034/frame_0113,0,1,1.0,49.81720058361654,49.81720058361654,0,1,1.0,49.81720058361654,49.81720058361654,0,1,1.0,49.81720058361654,49.81720058361654,0.9992337946360621,0.0004307426504585965,0.00033546271347940736,0.05508340387087056
FRESH20,Cosmos3_seed101_0034,CONTACT,1.0,yellow cube,139,TEMPORAL_BIN+GLOBAL_CLOSEST,0.0,0.0,0.0089312656283174,0.8102725013758257,0.1807962329958568,58.59324836837697,1,/shared/ssd_30T/zhuoyingyang/physact/sam3_robowm/pipeline20_e2e_v1/motion_hybrid/Cosmos3_seed101_0034_hybrid_trace.csv,hybrid_candidate,/shared/ssd_30T/zhuoyingyang/physact/sam3_robowm/vlm_contact_oracle9/whole_video_causal_v1/candidate_rois/FRESH20/Cosmos3_seed101_0034/frame_0139,1,1,0.5,58.59324836837697,29.296624184188484,1,1,0.5,58.59324836837697,29.296624184188484,1,1,0.5,58.59324836837697,29.296624184188484,0.9906666420782364,0.005246994497971824,0.004086363423791809,0.6709860672777721
FRESH20,Cosmos3_seed101_0034,CONTACT,1.0,yellow cube,154,GLOBAL_CLOSEST,0.0,0.0,0.0227964444199361,0.9732421275365628,0.0039614280435011,49.05824918117826,1,/shared/ssd_30T/zhuoyingyang/physact/sam3_robowm/pipeline20_e2e_v1/motion_hybrid/Cosmos3_seed101_0034_hybrid_trace.csv,hybrid_candidate,/shared/ssd_30T/zhuoyingyang/physact/sam3_robowm/vlm_contact_oracle9/whole_video_causal_v1/candidate_rois/FRESH20/Cosmos3_seed101_0034/frame_0154,1,1,0.5,49.05824918117826,24.52912459058913,1,1,0.5,49.05824918117826,24.52912459058913,1,1,0.5,49.05824918117826,24.52912459058913,0.9969931378823094,0.0015034310588452969,0.0015034310588452969,0.22551465882679453
FRESH20,Cosmos3_seed101_0034,CONTACT,1.0,yellow cube,159,TEMPORAL_BIN,0.0,0.0,0.0012860304120468,0.8512258283597635,0.1474881412281895,57.31010554080713,1,/shared/ssd_30T/zhuoyingyang/physact/sam3_robowm/pipeline20_e2e_v1/motion_hybrid/Cosmos3_seed101_0034_hybrid_trace.csv,hybrid_candidate,/shared/ssd_30T/zhuoyingyang/physact/sam3_robowm/vlm_contact_oracle9/whole_video_causal_v1/candidate_rois/FRESH20/Cosmos3_seed101_0034/frame_0159,1,1,0.5,57.31010554080713,28.655052770403564,1,1,0.5,57.31010554080713,28.655052770403564,1,1,0.5,57.31010554080713,28.655052770403564,0.9065328106564431,0.035287665175449304,0.05817952416810743,7.582335675583208
FRESH20,Cosmos3_seed101_0034,CONTACT,1.0,yellow cube,166,GLOBAL_CLOSEST,0.0,0.0,0.0005710396700664,0.6225625019159974,0.376866458413936,68.81477093719349,1,/shared/ssd_30T/zhuoyingyang/physact/sam3_robowm/pipeline20_e2e_v1/motion_hybrid/Cosmos3_seed101_0034_hybrid_trace.csv,hybrid_candidate,/shared/ssd_30T/zhuoyingyang/physact/sam3_robowm/vlm_contact_oracle9/whole_video_causal_v1/candidate_rois/FRESH20/Cosmos3_seed101_0034/frame_0166,1,1,0.5,68.81477093719349,34.40738546859674,1,1,0.5,68.81477093719349,34.40738546859674,1,1,0.5,68.81477093719349,34.40738546859674,0.9865267754840703,0.006736612257964839,0.006736612257964839,1.010491838694726
FRESH20,Cosmos3_seed101_0034,CONTACT,1.0,yellow cube,178,GLOBAL_CLOSEST,1.5935368285707825,26.97170639038086,0.0759121571325847,0.9238967122369174,0.0001911306304979,46.21394867489567,1,/shared/ssd_30T/zhuoyingyang/physact/sam3_robowm/pipeline20_e2e_v1/motion_hybrid/Cosmos3_seed101_0034_hybrid_trace.csv,hybrid_candidate,/shared/ssd_30T/zhuoyingyang/physact/sam3_robowm/vlm_contact_oracle9/whole_video_causal_v1/candidate_rois/FRESH20/Cosmos3_seed101_0034/frame_0178,1,1,0.5,46.21394867489567,23.106974337447834,1,1,0.5,46.21394867489567,23.106974337447834,1,1,0.5,46.21394867489567,23.106974337447834,0.9993657898334656,0.00043074203591079475,0.00020346813062382848,0.04188391485792259
FRESH20,Cosmos3_seed101_0040,UNSCORED,,brown cube,33,TEMPORAL_BIN,0.7920350237757144,37.24501037597656,0.9624233258584513,0.0375731740272734,3.500114275219813e-06,1.8790087127911963,0,/shared/ssd_30T/zhuoyingyang/physact/sam3_robowm/pipeline20_e2e_v1/motion_hybrid/Cosmos3_seed101_0040_hybrid_trace.csv,hybrid_candidate,/shared/ssd_30T/zhuoyingyang/physact/sam3_robowm/vlm_contact_oracle9/whole_video_causal_v1/candidate_rois/FRESH20/Cosmos3_seed101_0040/frame_0033,0,0,0.0,0.0,0.0,0,0,0.0,0.0,0.0,0,0,0.0,0.0,0.0,0.999981980581916,7.889324677478877e-06,1.01300934063847e-05,0.0014074755745124138
FRESH20,Cosmos3_seed101_0040,UNSCORED,,brown cube,51,TEMPORAL_BIN+GLOBAL_CLOSEST,0.3028466608481875,14.324999809265137,0.0052474190609912,0.9945941226136462,0.0001584583253623,49.74555196321855,0,/shared/ssd_30T/zhuoyingyang/physact/sam3_robowm/pipeline20_e2e_v1/motion_hybrid/Cosmos3_seed101_0040_hybrid_trace.csv,hybrid_candidate,/shared/ssd_30T/zhuoyingyang/physact/sam3_robowm/vlm_contact_oracle9/whole_video_causal_v1/candidate_rois/FRESH20/Cosmos3_seed101_0040/frame_0051,0,0,0.0,0.0,0.0,0,0,0.0,0.0,0.0,0,0,0.0,0.0,0.0,0.9990161732065233,0.0005530843042344613,0.00043074248924230153,0.07072846413595321
FRESH20,Cosmos3_seed101_0040,UNSCORED,,brown cube,76,GLOBAL_CLOSEST,0.292039537081676,13.784299850463867,0.000911764112047,0.9879806750993536,0.0111075607885993,50.50978983382761,0,/shared/ssd_30T/zhuoyingyang/physact/sam3_robowm/pipeline20_e2e_v1/motion_hybrid/Cosmos3_seed101_0040_hybrid_trace.csv,hybrid_candidate,/shared/ssd_30T/zhuoyingyang/physact/sam3_robowm/vlm_contact_oracle9/whole_video_causal_v1/candidate_rois/FRESH20/Cosmos3_seed101_0040/frame_0076,0,0,0.0,0.0,0.0,0,0,0.0,0.0,0.0,0,0,0.0,0.0,0.0,0.9881669889375432,0.008650624248232716,0.0031823868142239796,0.7507698938340338
FRESH20,Cosmos3_seed101_0040,UNSCORED,,brown cube,95,TEMPORAL_BIN+GLOBAL_CLOSEST,0.2034669579596525,9.550000190734863,0.0006881904272773,0.9617378853728574,0.0375739241998651,51.84428668862938,0,/shared/ssd_30T/zhuoyingyang/physact/sam3_robowm/pipeline20_e2e_v1/motion_hybrid/Cosmos3_seed101_0040_hybrid_trace.csv,hybrid_candidate,/shared/ssd_30T/zhuoyingyang/physact/sam3_robowm/vlm_contact_oracle9/whole_video_causal_v1/candidate_rois/FRESH20/Cosmos3_seed101_0040/frame_0095,0,0,0.0,0.0,0.0,0,0,0.0,0.0,0.0,0,0,0.0,0.0,0.0,0.9414685177103381,0.03643346732027606,0.02209801496938571,4.031474862952374
FRESH20,Cosmos3_seed101_0040,UNSCORED,,brown cube,96,TEMPORAL_BIN,0.2094042195451953,9.837900161743164,0.0019303966795546,0.9948869172539748,0.0031826860664705,50.0626144693458,0,/shared/ssd_30T/zhuoyingyang/physact/sam3_robowm/pipeline20_e2e_v1/motion_hybrid/Cosmos3_seed101_0040_hybrid_trace.csv,hybrid_candidate,/shared/ssd_30T/zhuoyingyang/physact/sam3_robowm/vlm_contact_oracle9/whole_video_causal_v1/candidate_rois/FRESH20/Cosmos3_seed101_0040/frame_0096,0,0,0.0,0.0,0.0,0,0,0.0,0.0,0.0,0,0,0.0,0.0,0.0,0.9906666420782364,0.005246994497971824,0.004086363423791809,0.6709860672777721
FRESH20,Cosmos3_seed101_0040,UNSCORED,,brown cube,139,GLOBAL_CLOSEST,0.1160255135832445,5.477200031280518,0.0111077913894549,0.9881821112642872,0.0007100973462581,49.48011529784017,0,/shared/ssd_30T/zhuoyingyang/physact/sam3_robowm/pipeline20_e2e_v1/motion_hybrid/Cosmos3_seed101_0040_hybrid_trace.csv,hybrid_candidate,/shared/ssd_30T/zhuoyingyang/physact/sam3_robowm/vlm_contact_oracle9/whole_video_causal_v1/candidate_rois/FRESH20/Cosmos3_seed101_0040/frame_0139,0,0,0.0,0.0,0.0,0,0,0.0,0.0,0.0,0,0,0.0,0.0,0.0,0.9991114531062851,0.0005530843052032261,0.0003354625885116162,0.06120047411132293
FRESH20,Cosmos3_seed101_0040,UNSCORED,,brown cube,153,TEMPORAL_BIN,0.0292136666618747,1.3693000078201294,0.0003150853270085,0.9521856988196042,0.0474992158533871,52.35920652631892,0,/shared/ssd_30T/zhuoyingyang/physact/sam3_robowm/pipeline20_e2e_v1/motion_hybrid/Cosmos3_seed101_0040_hybrid_trace.csv,hybrid_candidate,/shared/ssd_30T/zhuoyingyang/physact/sam3_robowm/vlm_contact_oracle9/whole_video_causal_v1/candidate_rois/FRESH20/Cosmos3_seed101_0040/frame_0153,0,0,0.0,0.0,0.0,0,0,0.0,0.0,0.0,0,0,0.0,0.0,0.0,0.9738591552776773,0.017754304913852912,0.008386539808469557,1.7263692265396016
FRESH20,Cosmos3_seed101_0040,UNSCORED,,brown cube,161,TEMPORAL_BIN+GLOBAL_CLOSEST,0.0,0.0,0.0003157277717395,0.5619990061518491,0.4376852660764113,71.86847691523359,0,/shared/ssd_30T/zhuoyingyang/physact/sam3_robowm/pipeline20_e2e_v1/motion_hybrid/Cosmos3_seed101_0040_hybrid_trace.csv,hybrid_candidate,/shared/ssd_30T/zhuoyingyang/physact/sam3_robowm/vlm_contact_oracle9/whole_video_causal_v1/candidate_rois/FRESH20/Cosmos3_seed101_0040/frame_0161,0,0,0.0,0.0,0.0,0,0,0.0,0.0,0.0,0,0,0.0,0.0,0.0,0.8421164512966889,0.08875842095746,0.06912512774585125,11.350433822458125
FRESH20,Cosmos3_seed101_0040,UNSCORED,,brown cube,173,GLOBAL_CLOSEST,0.0,0.0,0.0001683594460766,0.4999158202769616,0.4999158202769616,74.98737304154425,0,/shared/ssd_30T/zhuoyingyang/physact/sam3_robowm/pipeline20_e2e_v1/motion_hybrid/Cosmos3_seed101_0040_hybrid_trace.csv,hybrid_candidate,/shared/ssd_30T/zhuoyingyang/physact/sam3_robowm/vlm_contact_oracle9/whole_video_causal_v1/candidate_rois/FRESH20/Cosmos3_seed101_0040/frame_0173,0,0,0.0,0.0,0.0,0,0,0.0,0.0,0.0,0,0,0.0,0.0,0.0,0.7363168352989434,0.09906747006744314,0.16461569463361345,21.414942966733502
FRESH20,Cosmos3_seed101_0042,CONTACT,1.0,brown cube,33,TEMPORAL_BIN,0.569322231876764,22.667200088500977,0.9997954640232326,0.0002034682732597,1.067703507580449e-06,0.0102801840137478,1,/shared/ssd_30T/zhuoyingyang/physact/sam3_robowm/pipeline20_e2e_v1/motion_hybrid/Cosmos3_seed101_0042_hybrid_trace.csv,hybrid_candidate,/shared/ssd_30T/zhuoyingyang/physact/sam3_robowm/vlm_contact_oracle9/whole_video_causal_v1/candidate_rois/FRESH20/Cosmos3_seed101_0042/frame_0033,0,0,0.0,0.0,0.0,0,0,0.0,0.0,0.0,0,0,0.0,0.0,0.0,0.9999924848277021,1.3709592429393873e-06,6.1442130549604e-06,0.0006829692676430094
FRESH20,Cosmos3_seed101_0042,CONTACT,1.0,brown cube,64,TEMPORAL_BIN,0.0240881117637069,0.9549999833106996,0.0011708028555435,0.7757136658628124,0.223115531281644,61.09723642130503,1,/shared/ssd_30T/zhuoyingyang/physact/sam3_robowm/pipeline20_e2e_v1/motion_hybrid/Cosmos3_seed101_0042_hybrid_trace.csv,hybrid_candidate,/shared/ssd_30T/zhuoyingyang/physact/sam3_robowm/vlm_contact_oracle9/whole_video_causal_v1/candidate_rois/FRESH20/Cosmos3_seed101_0042/frame_0064,0,0,0.0,0.0,0.0,0,0,0.0,0.0,0.0,0,0,0.0,0.0,0.0,0.9525660193952598,0.010435812502251857,0.036998168102488425,4.2216074353614355
FRESH20,Cosmos3_seed101_0042,CONTACT,1.0,brown cube,66,TEMPORAL_BIN+GLOBAL_CLOSEST,0.0,0.0,0.0016520649439713,0.8507910907509325,0.1475568443050962,57.29523896805625,1,/shared/ssd_30T/zhuoyingyang/physact/sam3_robowm/pipeline20_e2e_v1/motion_hybrid/Cosmos3_seed101_0042_hybrid_trace.csv,hybrid_candidate,/shared/ssd_30T/zhuoyingyang/physact/sam3_robowm/vlm_contact_oracle9/whole_video_causal_v1/candidate_rois/FRESH20/Cosmos3_seed101_0042/frame_0066,0,0,0.0,0.0,0.0,0,0,0.0,0.0,0.0,0,0,0.0,0.0,0.0,0.97067455739856,0.006530780138454331,0.022794662462985744,2.6060052532212907
FRESH20,Cosmos3_seed101_0042,CONTACT,1.0,brown cube,85,GLOBAL_CLOSEST,0.0,0.0,0.0002170133430826,0.4998914933284586,0.4998914933284586,74.98372399926879,1,/shared/ssd_30T/zhuoyingyang/physact/sam3_robowm/pipeline20_e2e_v1/motion_hybrid/Cosmos3_seed101_0042_hybrid_trace.csv,hybrid_candidate,/shared/ssd_30T/zhuoyingyang/physact/sam3_robowm/vlm_contact_oracle9/whole_video_causal_v1/candidate_rois/FRESH20/Cosmos3_seed101_0042/frame_0085,0,0,0.0,0.0,0.0,0,0,0.0,0.0,0.0,0,0,0.0,0.0,0.0,0.865206326795647,0.0432446815803475,0.09154899162400548,11.317133241417924
FRESH20,Cosmos3_seed101_0042,CONTACT,1.0,brown cube,109,TEMPORAL_BIN+GLOBAL_CLOSEST,0.0,0.0,0.0001797253957561,0.319913238036376,0.6799070365678679,83.9863655586056,1,/shared/ssd_30T/zhuoyingyang/physact/sam3_robowm/pipeline20_e2e_v1/motion_hybrid/Cosmos3_seed101_0042_hybrid_trace.csv,hybrid_candidate,/shared/ssd_30T/zhuoyingyang/physact/sam3_robowm/vlm_contact_oracle9/whole_video_causal_v1/candidate_rois/FRESH20/Cosmos3_seed101_0042/frame_0109,0,0,0.0,0.0,0.0,0,1,1.0,83.9863655586056,83.9863655586056,0,1,1.0,83.9863655586056,83.9863655586056,0.7927741268889815,0.030679209873756705,0.17654666323726176,19.18862681741401
FRESH20,Cosmos3_seed101_0042,CONTACT,1.0,brown cube,123,GLOBAL_CLOSEST,0.0,0.0,0.0002307601966562,0.679872331410228,0.3198969083931159,65.98330740982298,1,/shared/ssd_30T/zhuoyingyang/physact/sam3_robowm/pipeline20_e2e_v1/motion_hybrid/Cosmos3_seed101_0042_hybrid_trace.csv,hybrid_candidate,/shared/ssd_30T/zhuoyingyang/physact/sam3_robowm/vlm_contact_oracle9/whole_video_causal_v1/candidate_rois/FRESH20/Cosmos3_seed101_0042/frame_0123,0,1,1.0,65.98330740982298,65.98330740982298,0,1,1.0,65.98330740982298,65.98330740982298,0,1,1.0,65.98330740982298,65.98330740982298,0.7038353219835753,0.0945124820684938,0.20165219594793074,24.89084369821776
FRESH20,Cosmos3_seed101_0042,CONTACT,1.0,brown cube,127,TEMPORAL_BIN,0.0,0.0,0.0177556288370201,0.9803729416519495,0.0018714295110302,49.2057900337005,1,/shared/ssd_30T/zhuoyingyang/physact/sam3_robowm/pipeline20_e2e_v1/motion_hybrid/Cosmos3_seed101_0042_hybrid_trace.csv,hybrid_candidate,/shared/ssd_30T/zhuoyingyang/physact/sam3_robowm/vlm_contact_oracle9/whole_video_causal_v1/candidate_rois/FRESH20/Cosmos3_seed101_0042/frame_0127,0,1,1.0,49.2057900337005,49.2057900337005,0,1,1.0,49.2057900337005,49.2057900337005,0,1,1.0,49.2057900337005,49.2057900337005,0.9943386464256491,0.003182679942705974,0.002478673631645067,0.4070013602998053
FRESH20,Cosmos3_seed101_0042,CONTACT,1.0,brown cube,135,GLOBAL_CLOSEST,0.0,0.0,0.9913442766098244,0.0086509386911982,4.784698977208934e-06,0.4330254044576359,1,/shared/ssd_30T/zhuoyingyang/physact/sam3_robowm/pipeline20_e2e_v1/motion_hybrid/Cosmos3_seed101_0042_hybrid_trace.csv,hybrid_candidate,/shared/ssd_30T/zhuoyingyang/physact/sam3_robowm/vlm_contact_oracle9/whole_video_causal_v1/candidate_rois/FRESH20/Cosmos3_seed101_0042/frame_0135,1,1,0.5,0.4330254044576359,0.2165127022288179,1,1,0.5,0.4330254044576359,0.2165127022288179,1,1,0.5,0.4330254044576359,0.2165127022288179,0.9999881095597274,1.7603463657023678e-06,1.0130093906767809e-05,0.0011010267089618993
FRESH20,Cosmos3_seed101_0042,CONTACT,1.0,brown cube,147,GLOBAL_CLOSEST,0.0,0.0,0.904065395428604,0.095894569548914,4.003502248202842e-05,4.798731979693905,1,/shared/ssd_30T/zhuoyingyang/physact/sam3_robowm/pipeline20_e2e_v1/motion_hybrid/Cosmos3_seed101_0042_hybrid_trace.csv,hybrid_candidate,/shared/ssd_30T/zhuoyingyang/physact/sam3_robowm/vlm_contact_oracle9/whole_video_causal_v1/candidate_rois/FRESH20/Cosmos3_seed101_0042/frame_0147,1,0,0.0,0.0,0.0,1,0,0.0,0.0,0.0,1,0,0.0,0.0,0.0,0.9999286980568505,1.300729432746882e-05,5.829464882208732e-05,0.006479829598582174
FRESH20,Cosmos3_seed101_0042,CONTACT,1.0,brown cube,158,TEMPORAL_BIN,0.0,0.0,0.0107686660819105,0.9604128890623976,0.0288184448556917,50.90248893868906,1,/shared/ssd_30T/zhuoyingyang/physact/sam3_robowm/pipeline20_e2e_v1/motion_hybrid/Cosmos3_seed101_0042_hybrid_trace.csv,hybrid_candidate,/shared/ssd_30T/zhuoyingyang/physact/sam3_robowm/vlm_contact_oracle9/whole_video_causal_v1/candidate_rois/FRESH20/Cosmos3_seed101_0042/frame_0158,0,0,0.0,0.0,0.0,1,0,0.0,0.0,0.0,1,0,0.0,0.0,0.0,0.9738591552776773,0.017754304913852912,0.008386539808469557,1.7263692265396016
FRESH20,Cosmos3_seed102_0015,CONTACT,1.0,white cup,22,TEMPORAL_BIN,5.833532735564934,160.123779296875,0.9980658304397736,0.0019304429286898,3.726631536440897e-06,0.0968948095881377,1,/shared/ssd_30T/zhuoyingyang/physact/sam3_robowm/pipeline20_e2e_v1/motion_hybrid/Cosmos3_seed102_0015_hybrid_trace.csv,hybrid_candidate,/shared/ssd_30T/zhuoyingyang/physact/sam3_robowm/vlm_contact_oracle9/whole_video_causal_v1/candidate_rois/FRESH20/Cosmos3_seed102_0015/frame_0022,0,0,0.0,0.0,0.0,0,0,0.0,0.0,0.0,0,0,0.0,0.0,0.0,0.9999933710268997,2.902320198278193e-06,3.726652901955405e-06,0.0005177813001094501
FRESH20,Cosmos3_seed102_0015,CONTACT,1.0,white cup,49,TEMPORAL_BIN,5.825237305485924,159.99737548828125,0.9996634699687136,0.0003354623282302,1.067703056243632e-06,0.0168798867171363,1,/shared/ssd_30T/zhuoyingyang/physact/sam3_robowm/pipeline20_e2e_v1/motion_hybrid/Cosmos3_seed102_0015_hybrid_trace.csv,hybrid_candidate,/shared/ssd_30T/zhuoyingyang/physact/sam3_robowm/vlm_contact_oracle9/whole_video_causal_v1/candidate_rois/FRESH20/Cosmos3_seed102_0015/frame_0049,0,0,0.0,0.0,0.0,0,0,0.0,0.0,0.0,0,0,0.0,0.0,0.0,0.9999975613367459,1.0677040791460408e-06,1.3709591751246963e-06,0.00019048112146977168
FRESH20,Cosmos3_seed102_0015,CONTACT,1.0,white cup,95,TEMPORAL_BIN,5.303180869570073,145.658447265625,0.9994458485763712,0.000553083720872,1.0677027566377502e-06,0.0277609563192685,1,/shared/ssd_30T/zhuoyingyang/physact/sam3_robowm/pipeline20_e2e_v1/motion_hybrid/Cosmos3_seed102_0015_hybrid_trace.csv,hybrid_candidate,/shared/ssd_30T/zhuoyingyang/physact/sam3_robowm/vlm_contact_oracle9/whole_video_causal_v1/candidate_rois/FRESH20/Cosmos3_seed102_0015/frame_0095,0,0,0.0,0.0,0.0,0,0,0.0,0.0,0.0,0,1,1.0,0.0277609563192685,0.0277609563192685,0.9999948373503738,2.2603293241094636e-06,2.902320302241175e-06,0.00040324849642959067
FRESH20,Cosmos3_seed102_0015,CONTACT,1.0,white cup,121,TEMPORAL_BIN+GLOBAL_CLOSEST,1.9407498546568227,53.0797119140625,0.9707167923753582,0.0292701994862066,1.3008138434973943e-05,1.464810788153831,1,/shared/ssd_30T/zhuoyingyang/physact/sam3_robowm/pipeline20_e2e_v1/motion_hybrid/Cosmos3_seed102_0015_hybrid_trace.csv,hybrid_candidate,/shared/ssd_30T/zhuoyingyang/physact/sam3_robowm/vlm_contact_oracle9/whole_video_causal_v1/candidate_rois/FRESH20/Cosmos3_seed102_0015/frame_0121,0,1,1.0,1.464810788153831,1.464810788153831,0,1,1.0,1.464810788153831,1.464810788153831,0,1,1.0,1.464810788153831,1.464810788153831,0.9999842213510264,7.889324486797661e-06,7.889324486797661e-06,0.0011833986730196493
FRESH20,Cosmos3_seed102_0015,CONTACT,1.0,white cup,138,GLOBAL_CLOSEST,0.6282495234326986,17.190000534057617,0.0003577441511254,0.4998211279244373,0.4998211279244373,74.9731691886656,1,/shared/ssd_30T/zhuoyingyang/physact/sam3_robowm/pipeline20_e2e_v1/motion_hybrid/Cosmos3_seed102_0015_hybrid_trace.csv,hybrid_candidate,/shared/ssd_30T/zhuoyingyang/physact/sam3_robowm/vlm_contact_oracle9/whole_video_causal_v1/candidate_rois/FRESH20/Cosmos3_seed102_0015/frame_0138,1,0,0.0,0.0,0.0,1,0,0.0,0.0,0.0,1,1,0.5,74.9731691886656,37.4865845943328,0.5292254595528657,0.1510345004613562,0.31974003998577805,39.52572902164562
FRESH20,Cosmos3_seed102_0015,CONTACT,1.0,white cup,150,GLOBAL_CLOSEST,0.3849957070883157,10.505000114440918,0.0002958759251689,0.9037917585215502,0.0959123655532806,54.78082448140557,1,/shared/ssd_30T/zhuoyingyang/physact/sam3_robowm/pipeline20_e2e_v1/motion_hybrid/Cosmos3_seed102_0015_hybrid_trace.csv,hybrid_candidate,/shared/ssd_30T/zhuoyingyang/physact/sam3_robowm/vlm_contact_oracle9/whole_video_causal_v1/candidate_rois/FRESH20/Cosmos3_seed102_0015/frame_0150,0,0,0.0,0.0,0.0,1,1,0.5,54.78082448140557,27.390412240702787,1,1,0.5,54.78082448140557,27.390412240702787,0.959807367512605,0.02244063169111366,0.01775200079628149,2.8972316641838316
FRESH20,Cosmos3_seed102_0015,CONTACT,1.0,white cup,154,TEMPORAL_BIN,0.1412110902282793,3.819999933242798,0.0002958759251689,0.9037917585215502,0.0959123655532806,54.78082448140557,1,/shared/ssd_30T/zhuoyingyang/physact/sam3_robowm/pipeline20_e2e_v1/motion_hybrid/Cosmos3_seed102_0015_hybrid_trace.csv,hybrid_candidate,/shared/ssd_30T/zhuoyingyang/physact/sam3_robowm/vlm_contact_oracle9/whole_video_causal_v1/candidate_rois/FRESH20/Cosmos3_seed102_0015/frame_0154,0,1,1.0,54.78082448140557,54.78082448140557,0,1,1.0,54.78082448140557,54.78082448140557,1,1,0.5,54.78082448140557,27.390412240702787,0.9450799524997778,0.046789288352046834,0.008130759148175157,3.152540332419858
FRESH20,Cosmos3_seed102_0015,CONTACT,1.0,white cup,163,TEMPORAL_BIN+GLOBAL_CLOSEST,0.0,0.0,0.0003572966666786,0.8174279131977708,0.1822147901355505,59.0928746734436,1,/shared/ssd_30T/zhuoyingyang/physact/sam3_robowm/pipeline20_e2e_v1/motion_hybrid/Cosmos3_seed102_0015_hybrid_trace.csv,hybrid_candidate,/shared/ssd_30T/zhuoyingyang/physact/sam3_robowm/vlm_contact_oracle9/whole_video_causal_v1/candidate_rois/FRESH20/Cosmos3_seed102_0015/frame_0163,0,1,1.0,59.0928746734436,59.0928746734436,0,1,1.0,59.0928746734436,59.0928746734436,1,1,0.5,59.0928746734436,29.5464373367218,0.8746372492478589,0.09164751437800779,0.033715236374133234,7.953899356313713
FRESH20,Cosmos3_seed102_0015,CONTACT,1.0,white cup,175,GLOBAL_CLOSEST,0.0,0.0,0.0004877557550477,0.8801623460693184,0.1193498981756338,55.943107121029314,1,/shared/ssd_30T/zhuoyingyang/physact/sam3_robowm/pipeline20_e2e_v1/motion_hybrid/Cosmos3_seed102_0015_hybrid_trace.csv,hybrid_candidate,/shared/ssd_30T/zhuoyingyang/physact/sam3_robowm/vlm_contact_oracle9/whole_video_causal_v1/candidate_rois/FRESH20/Cosmos3_seed102_0015/frame_0175,1,1,0.5,55.943107121029314,27.971553560514657,1,1,0.5,55.943107121029314,27.971553560514657,1,1,0.5,55.943107121029314,27.971553560514657,0.9241805765550678,0.05913861198840688,0.016680811456525307,4.625011745072874
FRESH20,Cosmos3_seed102_0015,CONTACT,1.0,white cup,187,GLOBAL_CLOSEST,0.0,0.0,0.0002033851984822,0.6218737242750855,0.3779228905264325,68.88597526639752,1,/shared/ssd_30T/zhuoyingyang/physact/sam3_robowm/pipeline20_e2e_v1/motion_hybrid/Cosmos3_seed102_0015_hybrid_trace.csv,hybrid_candidate,/shared/ssd_30T/zhuoyingyang/physact/sam3_robowm/vlm_contact_oracle9/whole_video_causal_v1/candidate_rois/FRESH20/Cosmos3_seed102_0015/frame_0187,1,1,0.5,68.88597526639752,34.44298763319876,1,1,0.5,68.88597526639752,34.44298763319876,1,1,0.5,68.88597526639752,34.44298763319876,0.855192710551747,0.09013664854311303,0.05467064090514012,9.973896517669663
FRESH20,Cosmos3_seed102_0019,CONTACT,1.0,banana,25,TEMPORAL_BIN+GLOBAL_CLOSEST,0.0,0.0,0.0111069600508621,0.9869629397013528,0.0019301002477848,49.54115700984613,1,/shared/ssd_30T/zhuoyingyang/physact/sam3_robowm/pipeline20_e2e_v1/motion_hybrid/Cosmos3_seed102_0019_hybrid_trace.csv,hybrid_candidate,/shared/ssd_30T/zhuoyingyang/physact/sam3_robowm/vlm_contact_oracle9/whole_video_causal_v1/candidate_rois/FRESH20/Cosmos3_seed102_0019/frame_0025,0,0,0.0,0.0,0.0,0,0,0.0,0.0,0.0,0,0,0.0,0.0,0.0,0.9977341062664717,0.0019304345152417878,0.0003354592182864139,0.13006764759073078
FRESH20,Cosmos3_seed102_0019,CONTACT,1.0,banana,34,TEMPORAL_BIN,0.0,0.0,0.0024787300814891,0.996609396081318,0.000911873837193,49.9216571877852,1,/shared/ssd_30T/zhuoyingyang/physact/sam3_robowm/pipeline20_e2e_v1/motion_hybrid/Cosmos3_seed102_0019_hybrid_trace.csv,hybrid_candidate,/shared/ssd_30T/zhuoyingyang/physact/sam3_robowm/vlm_contact_oracle9/whole_video_causal_v1/candidate_rois/FRESH20/Cosmos3_seed102_0019/frame_0034,0,0,0.0,0.0,0.0,0,0,0.0,0.0,0.0,0,0,0.0,0.0,0.0,0.9959053931592977,0.0031827373288429283,0.0009118695118594872,0.25032381762809514
FRESH20,Cosmos3_seed102_0019,CONTACT,1.0,banana,37,GLOBAL_CLOSEST,0.0,0.0,0.0009118752757232,0.9975846965609664,0.0015034281633104,50.029577644379366,1,/shared/ssd_30T/zhuoyingyang/physact/sam3_robowm/pipeline20_e2e_v1/motion_hybrid/Cosmos3_seed102_0019_hybrid_trace.csv,hybrid_candidate,/shared/ssd_30T/zhuoyingyang/physact/sam3_robowm/vlm_contact_oracle9/whole_video_causal_v1/candidate_rois/FRESH20/Cosmos3_seed102_0019/frame_0037,0,0,0.0,0.0,0.0,0,0,0.0,0.0,0.0,0,0,0.0,0.0,0.0,0.9913324601524933,0.006737277520193087,0.0019302623273136457,0.5298901087410189
FRESH20,Cosmos3_seed102_0019,CONTACT,1.0,banana,58,GLOBAL_CLOSEST,0.0,0.0,0.0001233813250129,0.9767288246839804,0.0231477939910064,51.15122063329968,1,/shared/ssd_30T/zhuoyingyang/physact/sam3_robowm/pipeline20_e2e_v1/motion_hybrid/Cosmos3_seed102_0019_hybrid_trace.csv,hybrid_candidate,/shared/ssd_30T/zhuoyingyang/physact/sam3_robowm/vlm_contact_oracle9/whole_video_causal_v1/candidate_rois/FRESH20/Cosmos3_seed102_0019/frame_0058,0,0,0.0,0.0,0.0,0,0,0.0,0.0,0.0,0,0,0.0,0.0,0.0,0.8512152835530673,0.11565033943911657,0.03313437700781612,9.095954672737442
FRESH20,Cosmos3_seed102_0019,CONTACT,1.0,banana,65,TEMPORAL_BIN,0.0,0.0,0.0001584380944031,0.9766918191950908,0.0231497427105059,51.14956523080514,1,/shared/ssd_30T/zhuoyingyang/physact/sam3_robowm/pipeline20_e2e_v1/motion_hybrid/Cosmos3_seed102_0019_hybrid_trace.csv,hybrid_candidate,/shared/ssd_30T/zhuoyingyang/physact/sam3_robowm/vlm_contact_oracle9/whole_video_causal_v1/candidate_rois/FRESH20/Cosmos3_seed102_0019/frame_0065,0,0,0.0,0.0,0.0,0,0,0.0,0.0,0.0,0,1,1.0,51.14956523080514,51.14956523080514,0.9721185565218252,0.022795156547191435,0.0050862869309833535,1.648386520457907
FRESH20,Cosmos3_seed102_0019,CONTACT,1.0,banana,70,GLOBAL_CLOSEST,0.0,0.0,0.0001485826389057,0.5620929712177657,0.4377584461433285,71.88049317522113,1,/shared/ssd_30T/zhuoyingyang/physact/sam3_robowm/pipeline20_e2e_v1/motion_hybrid/Cosmos3_seed102_0019_hybrid_trace.csv,hybrid_candidate,/shared/ssd_30T/zhuoyingyang/physact/sam3_robowm/vlm_contact_oracle9/whole_video_causal_v1/candidate_rois/FRESH20/Cosmos3_seed102_0019/frame_0070,0,0,0.0,0.0,0.0,0,0,0.0,0.0,0.0,0,1,1.0,71.88049317522113,71.88049317522113,0.5461004894898759,0.3325230747708786,0.12137643573924548,28.763797312468476
FRESH20,Cosmos3_seed102_0019,CONTACT,1.0,banana,82,GLOBAL_CLOSEST,0.0,0.0,9.029282280402136e-05,0.9239898937657592,0.0759198134114367,53.79147602943163,1,/shared/ssd_30T/zhuoyingyang/physact/sam3_robowm/pipeline20_e2e_v1/motion_hybrid/Cosmos3_seed102_0019_hybrid_trace.csv,hybrid_candidate,/shared/ssd_30T/zhuoyingyang/physact/sam3_robowm/vlm_contact_oracle9/whole_video_causal_v1/candidate_rois/FRESH20/Cosmos3_seed102_0019/frame_0082,0,0,0.0,0.0,0.0,0,1,1.0,53.79147602943163,53.79147602943163,0,1,1.0,53.79147602943163,53.79147602943163,0.865206326795647,0.09154899162400548,0.0432446815803475,8.901917739235024
FRESH20,Cosmos3_seed102_0019,CONTACT,1.0,banana,94,GLOBAL_CLOSEST,0.0,0.0,9.029282280402136e-05,0.9239898937657592,0.0759198134114367,53.79147602943163,1,/shared/ssd_30T/zhuoyingyang/physact/sam3_robowm/pipeline20_e2e_v1/motion_hybrid/Cosmos3_seed102_0019_hybrid_trace.csv,hybrid_candidate,/shared/ssd_30T/zhuoyingyang/physact/sam3_robowm/vlm_contact_oracle9/whole_video_causal_v1/candidate_rois/FRESH20/Cosmos3_seed102_0019/frame_0094,0,1,1.0,53.79147602943163,53.79147602943163,0,1,1.0,53.79147602943163,53.79147602943163,0,1,1.0,53.79147602943163,53.79147602943163,0.8249262465789909,0.14293132880228002,0.03214242461872904,10.360808901986905
FRESH20,Cosmos3_seed102_0019,CONTACT,1.0,banana,96,TEMPORAL_BIN,0.0,0.0,7.483818960860046e-05,0.9767762440142302,0.023148917796161,51.15370398032761,1,/shared/ssd_30T/zhuoyingyang/physact/sam3_robowm/pipeline20_e2e_v1/motion_hybrid/Cosmos3_seed102_0019_hybrid_trace.csv,hybrid_candidate,/shared/ssd_30T/zhuoyingyang/physact/sam3_robowm/vlm_contact_oracle9/whole_video_causal_v1/candidate_rois/FRESH20/Cosmos3_seed102_0019/frame_0096,0,1,1.0,51.15370398032761,51.15370398032761,0,1,1.0,51.15370398032761,51.15370398032761,0,1,1.0,51.15370398032761,51.15370398032761,0.9398319272535663,0.04676863459295156,0.013399438153482044,3.6783755449957822
FRESH20,Cosmos3_seed102_0019,CONTACT,1.0,banana,127,TEMPORAL_BIN,0.0,0.0,0.0011706079919137,0.9845684672162452,0.0142609247918409,50.65451583999637,1,/shared/ssd_30T/zhuoyingyang/physact/sam3_robowm/pipeline20_e2e_v1/motion_hybrid/Cosmos3_seed102_0019_hybrid_trace.csv,hybrid_candidate,/shared/ssd_30T/zhuoyingyang/physact/sam3_robowm/vlm_contact_oracle9/whole_video_causal_v1/candidate_rois/FRESH20/Cosmos3_seed102_0019/frame_0127,1,1,0.5,50.65451583999637,25.327257919998186,1,1,0.5,50.65451583999637,25.327257919998186,1,1,0.5,50.65451583999637,25.327257919998186,0.9486644566614948,0.04749718256038169,0.0038383607781235472,2.7586952058314393
FRESH20,Cosmos3_seed102_0019,CONTACT,1.0,banana,158,TEMPORAL_BIN,0.0,0.0,0.0002034470860092,0.9911457626871162,0.0086507902268744,50.42236715704325,1,/shared/ssd_30T/zhuoyingyang/physact/sam3_robowm/pipeline20_e2e_v1/motion_hybrid/Cosmos3_seed102_0019_hybrid_trace.csv,hybrid_candidate,/shared/ssd_30T/zhuoyingyang/physact/sam3_robowm/vlm_contact_oracle9/whole_video_causal_v1/candidate_rois/FRESH20/Cosmos3_seed102_0019/frame_0158,1,1,0.5,50.42236715704325,25.211183578521627,1,1,0.5,50.42236715704325,25.211183578521627,1,1,0.5,50.42236715704325,25.211183578521627,0.9864148262864497,0.01110689128285546,0.002478282430694738,0.8031728072122468
FRESH20,Cosmos3_seed102_0025,CONTACT,1.0,yellow cube,31,TEMPORAL_BIN,3.3236244882356307,52.03342056274414,0.8178567768828758,0.1821324385689411,1.0784548182982626e-05,9.107700383265357,1,/shared/ssd_30T/zhuoyingyang/physact/sam3_robowm/pipeline20_e2e_v1/motion_hybrid/Cosmos3_seed102_0025_hybrid_trace.csv,hybrid_candidate,/shared/ssd_30T/zhuoyingyang/physact/sam3_robowm/vlm_contact_oracle9/whole_video_causal_v1/candidate_rois/FRESH20/Cosmos3_seed102_0025/frame_0031,0,0,0.0,0.0,0.0,0,0,0.0,0.0,0.0,1,0,0.0,0.0,0.0,0.9999702910023379,1.6701700350558612e-05,1.3007297311639003e-05,0.002135814748691831
FRESH20,Cosmos3_seed102_0025,CONTACT,1.0,yellow cube,47,TEMPORAL_BIN,1.2213247298041343,19.170202255249023,0.0177566580761806,0.9822266359590504,1.6705964769083917e-05,49.11300239442943,1,/shared/ssd_30T/zhuoyingyang/physact/sam3_robowm/pipeline20_e2e_v1/motion_hybrid/Cosmos3_seed102_0025_hybrid_trace.csv,hybrid_candidate,/shared/ssd_30T/zhuoyingyang/physact/sam3_robowm/vlm_contact_oracle9/whole_video_causal_v1/candidate_rois/FRESH20/Cosmos3_seed102_0025/frame_0047,0,0,0.0,0.0,0.0,0,0,0.0,0.0,0.0,0,0,0.0,0.0,0.0,0.99963807016078,0.0002034684505788106,0.00015846138864110315,0.026019561393050845
FRESH20,Cosmos3_seed102_0025,CONTACT,1.0,yellow cube,79,TEMPORAL_BIN+GLOBAL_CLOSEST,0.0,0.0,0.0067375373945653,0.9931876153258424,7.484727959250403e-05,49.66686549425137,1,/shared/ssd_30T/zhuoyingyang/physact/sam3_robowm/pipeline20_e2e_v1/motion_hybrid/Cosmos3_seed102_0025_hybrid_trace.csv,hybrid_candidate,/shared/ssd_30T/zhuoyingyang/physact/sam3_robowm/vlm_contact_oracle9/whole_video_causal_v1/candidate_rois/FRESH20/Cosmos3_seed102_0025/frame_0079,0,0,0.0,0.0,0.0,0,1,1.0,49.66686549425137,49.66686549425137,0,1,1.0,49.66686549425137,49.66686549425137,0.9994610696515871,0.0003354622242375159,0.00020346812417544786,0.03711992362942058
FRESH20,Cosmos3_seed102_0025,CONTACT,1.0,yellow cube,91,GLOBAL_CLOSEST,0.0,0.0,0.0040867013685477,0.9952031364189352,0.0007101622125168,49.83117304219845,1,/shared/ssd_30T/zhuoyingyang/physact/sam3_robowm/pipeline20_e2e_v1/motion_hybrid/Cosmos3_seed102_0025_hybrid_trace.csv,hybrid_candidate,/shared/ssd_30T/zhuoyingyang/physact/sam3_robowm/vlm_contact_oracle9/whole_video_causal_v1/candidate_rois/FRESH20/Cosmos3_seed102_0025/frame_0091,0,1,1.0,49.83117304219845,49.83117304219845,0,1,1.0,49.83117304219845,49.83117304219845,0,1,1.0,49.83117304219845,49.83117304219845,0.9988590885275996,0.0007101709920708081,0.00043074048032948255,0.07858259763648866
FRESH20,Cosmos3_seed102_0025,CONTACT,1.0,yellow cube,100,TEMPORAL_BIN,0.0,0.0,0.0002958956072658,0.8803312965536784,0.1193728078390558,55.9538456115895,1,/shared/ssd_30T/zhuoyingyang/physact/sam3_robowm/pipeline20_e2e_v1/motion_hybrid/Cosmos3_seed102_0025_hybrid_trace.csv,hybrid_candidate,/shared/ssd_30T/zhuoyingyang/physact/sam3_robowm/vlm_contact_oracle9/whole_video_causal_v1/candidate_rois/FRESH20/Cosmos3_seed102_0025/frame_0100,1,1,0.5,55.9538456115895,27.97692280579475,1,1,0.5,55.9538456115895,27.97692280579475,1,1,0.5,55.9538456115895,27.97692280579475,0.9777838240681854,0.013828666012380109,0.00838750991943458,1.5301842925624636
FRESH20,Cosmos3_seed102_0025,CONTACT,1.0,yellow cube,107,GLOBAL_CLOSEST,0.0,0.0,0.000261082955262,0.7767587313569604,0.2229801856877775,61.135955136625775,1,/shared/ssd_30T/zhuoyingyang/physact/sam3_robowm/pipeline20_e2e_v1/motion_hybrid/Cosmos3_seed102_0025_hybrid_trace.csv,hybrid_candidate,/shared/ssd_30T/zhuoyingyang/physact/sam3_robowm/vlm_contact_oracle9/whole_video_causal_v1/candidate_rois/FRESH20/Cosmos3_seed102_0025/frame_0107,0,1,1.0,61.135955136625775,61.135955136625775,1,1,0.5,61.135955136625775,30.567977568312887,1,1,0.5,61.135955136625775,30.567977568312887,0.9282604924121555,0.03586975379392222,0.03586975379392222,5.380463069088333
FRESH20,Cosmos3_seed102_0025,CONTACT,1.0,yellow cube,119,GLOBAL_CLOSEST,0.0,0.0,0.0083850340956037,0.9546184604306436,0.0369965054737528,51.430573568907455,1,/shared/ssd_30T/zhuoyingyang/physact/sam3_robowm/pipeline20_e2e_v1/motion_hybrid/Cosmos3_seed102_0025_hybrid_trace.csv,hybrid_candidate,/shared/ssd_30T/zhuoyingyang/physact/sam3_robowm/vlm_contact_oracle9/whole_video_causal_v1/candidate_rois/FRESH20/Cosmos3_seed102_0025/frame_0119,1,1,0.5,51.430573568907455,25.715286784453728,1,1,0.5,51.430573568907455,25.715286784453728,1,1,0.5,51.430573568907455,25.715286784453728,0.9857115290825572,0.0031820444569159423,0.01110642646052705,1.269744868898502
FRESH20,Cosmos3_seed102_0025,CONTACT,1.0,yellow cube,130,TEMPORAL_BIN,0.0,0.0,0.0008840268437158,0.9813598193457403,0.0177561538105437,50.8436063483414,1,/shared/ssd_30T/zhuoyingyang/physact/sam3_robowm/pipeline20_e2e_v1/motion_hybrid/Cosmos3_seed102_0025_hybrid_trace.csv,hybrid_candidate,/shared/ssd_30T/zhuoyingyang/physact/sam3_robowm/vlm_contact_oracle9/whole_video_causal_v1/candidate_rois/FRESH20/Cosmos3_seed102_0025/frame_0130,1,1,0.5,50.8436063483414,25.421803174170694,1,1,0.5,50.8436063483414,25.421803174170694,1,1,0.5,50.8436063483414,25.421803174170694,0.9645046909478288,0.01774765452608566,0.01774765452608566,2.6621481789128487
FRESH20,Cosmos3_seed102_0025,CONTACT,1.0,yellow cube,132,GLOBAL_CLOSEST,0.0,0.0,0.0024027588551711,0.9748004998484936,0.0227967412963352,51.019699122058206,1,/shared/ssd_30T/zhuoyingyang/physact/sam3_robowm/pipeline20_e2e_v1/motion_hybrid/Cosmos3_seed102_0025_hybrid_trace.csv,hybrid_candidate,/shared/ssd_30T/zhuoyingyang/physact/sam3_robowm/vlm_contact_oracle9/whole_video_causal_v1/candidate_rois/FRESH20/Cosmos3_seed102_0025/frame_0132,1,1,0.5,51.019699122058206,25.509849561029103,1,1,0.5,51.019699122058206,25.509849561029103,1,1,0.5,51.019699122058206,25.509849561029103,0.9861035652513853,0.008649965479712817,0.0052464692689017205,0.9571452008758129
FRESH20,Cosmos3_seed102_0025,CONTACT,1.0,yellow cube,144,GLOBAL_CLOSEST,0.0,0.0,9.608267598978867e-05,0.377963450855264,0.6219404664687461,81.09221918963782,1,/shared/ssd_30T/zhuoyingyang/physact/sam3_robowm/pipeline20_e2e_v1/motion_hybrid/Cosmos3_seed102_0025_hybrid_trace.csv,hybrid_candidate,/shared/ssd_30T/zhuoyingyang/physact/sam3_robowm/vlm_contact_oracle9/whole_video_causal_v1/candidate_rois/FRESH20/Cosmos3_seed102_0025/frame_0144,1,1,0.5,81.09221918963782,40.54610959481891,1,1,0.5,81.09221918963782,40.54610959481891,1,1,0.5,81.09221918963782,40.54610959481891,0.7631729104888186,0.10368846501481777,0.13313862449636368,18.498285700377256
FRESH20,Cosmos3_seed102_0025,CONTACT,1.0,yellow cube,160,TEMPORAL_BIN,0.0,0.0,0.0001314187221645,0.8523327899897447,0.1475357912880908,57.37021862829632,1,/shared/ssd_30T/zhuoyingyang/physact/sam3_robowm/pipeline20_e2e_v1/motion_hybrid/Cosmos3_seed102_0025_hybrid_trace.csv,hybrid_candidate,/shared/ssd_30T/zhuoyingyang/physact/sam3_robowm/vlm_contact_oracle9/whole_video_causal_v1/candidate_rois/FRESH20/Cosmos3_seed102_0025/frame_0160,1,1,0.5,57.37021862829632,28.68510931414816,1,1,0.5,57.37021862829632,28.68510931414816,1,1,0.5,57.37021862829632,28.68510931414816,0.9684256967425003,0.013823971934291527,0.017750331323208322,2.4662317290354085
FRESH20,Cosmos3_seed102_0027,UNSCORED,,white tape roll,20,TEMPORAL_BIN+GLOBAL_CLOSEST,0.0,0.0,0.0002454032655158,0.9238465603422968,0.0759080363921875,53.7831316563336,1,/shared/ssd_30T/zhuoyingyang/physact/sam3_robowm/pipeline20_e2e_v1/motion_hybrid/Cosmos3_seed102_0027_hybrid_trace.csv,hybrid_candidate,/shared/ssd_30T/zhuoyingyang/physact/sam3_robowm/vlm_contact_oracle9/whole_video_causal_v1/candidate_rois/FRESH20/Cosmos3_seed102_0027/frame_0020,0,0,0.0,0.0,0.0,0,0,0.0,0.0,0.0,0,0,0.0,0.0,0.0,0.9907842519599337,0.006737251663183172,0.002478496376883196,0.5847122208474782
FRESH20,Cosmos3_seed102_0027,UNSCORED,,white tape roll,32,GLOBAL_CLOSEST,0.0,0.0,0.0001157177345562,0.4999421411327218,0.4999421411327218,74.99132116990828,1,/shared/ssd_30T/zhuoyingyang/physact/sam3_robowm/pipeline20_e2e_v1/motion_hybrid/Cosmos3_seed102_0027_hybrid_trace.csv,hybrid_candidate,/shared/ssd_30T/zhuoyingyang/physact/sam3_robowm/vlm_contact_oracle9/whole_video_causal_v1/candidate_rois/FRESH20/Cosmos3_seed102_0027/frame_0032,0,0,0.0,0.0,0.0,0,0,0.0,0.0,0.0,0,0,0.0,0.0,0.0,0.7038353219835753,0.20165219594793074,0.0945124820684938,19.533858004245918
FRESH20,Cosmos3_seed102_0027,UNSCORED,,white tape roll,34,TEMPORAL_BIN,0.0,0.0,0.0002782849176967,0.817492522691616,0.1822291923906873,59.09754537364953,1,/shared/ssd_30T/zhuoyingyang/physact/sam3_robowm/pipeline20_e2e_v1/motion_hybrid/Cosmos3_seed102_0027_hybrid_trace.csv,hybrid_candidate,/shared/ssd_30T/zhuoyingyang/physact/sam3_robowm/vlm_contact_oracle9/whole_video_causal_v1/candidate_rois/FRESH20/Cosmos3_seed102_0027/frame_0034,0,0,0.0,0.0,0.0,0,0,0.0,0.0,0.0,0,0,0.0,0.0,0.0,0.899317849394576,0.07360454991501338,0.027077600690410653,6.387987564791733
FRESH20,Cosmos3_seed102_0027,UNSCORED,,white tape roll,44,GLOBAL_CLOSEST,0.0,0.0,0.0003919342528282,0.9037049161020932,0.0959031496450784,54.77556076961251,1,/shared/ssd_30T/zhuoyingyang/physact/sam3_robowm/pipeline20_e2e_v1/motion_hybrid/Cosmos3_seed102_0027_hybrid_trace.csv,hybrid_candidate,/shared/ssd_30T/zhuoyingyang/physact/sam3_robowm/vlm_contact_oracle9/whole_video_causal_v1/candidate_rois/FRESH20/Cosmos3_seed102_0027/frame_0044,0,0,0.0,0.0,0.0,0,0,0.0,0.0,0.0,0,0,0.0,0.0,0.0,0.9796402807346895,0.013827887646189878,0.006531831619120777,1.3445775442215715
FRESH20,Cosmos3_seed102_0027,UNSCORED,,white tape roll,56,GLOBAL_CLOSEST,0.0,0.0,0.0004175700591402,0.9767838772025697,0.0227985527382901,51.11904913395748,1,/shared/ssd_30T/zhuoyingyang/physact/sam3_robowm/pipeline20_e2e_v1/motion_hybrid/Cosmos3_seed102_0027_hybrid_trace.csv,hybrid_candidate,/shared/ssd_30T/zhuoyingyang/physact/sam3_robowm/vlm_contact_oracle9/whole_video_causal_v1/candidate_rois/FRESH20/Cosmos3_seed102_0027/frame_0056,0,0,0.0,0.0,0.0,0,0,0.0,0.0,0.0,0,0,0.0,0.0,0.0,0.9881669889375432,0.008650624248232716,0.0031823868142239796,0.7507698938340338
FRESH20,Cosmos3_seed102_0027,UNSCORED,,white tape roll,65,TEMPORAL_BIN,0.0,0.0,0.0004175793449335,0.9818264950876155,0.0177559255674509,50.86691731112587,1,/shared/ssd_30T/zhuoyingyang/physact/sam3_robowm/pipeline20_e2e_v1/motion_hybrid/Cosmos3_seed102_0027_hybrid_trace.csv,hybrid_candidate,/shared/ssd_30T/zhuoyingyang/physact/sam3_robowm/vlm_contact_oracle9/whole_video_causal_v1/candidate_rois/FRESH20/Cosmos3_seed102_0027/frame_0065,0,0,0.0,0.0,0.0,0,0,0.0,0.0,0.0,0,0,0.0,0.0,0.0,0.9944099070924243,0.0040866853754219605,0.0015034075321537369,0.3546750219864717
FRESH20,Cosmos3_seed102_0027,UNSCORED,,white tape roll,68,GLOBAL_CLOSEST,0.0,0.0,0.0001488494153492,0.9398010105381864,0.0600501400464643,52.99506453155575,1,/shared/ssd_30T/zhuoyingyang/physact/sam3_robowm/pipeline20_e2e_v1/motion_hybrid/Cosmos3_seed102_0027_hybrid_trace.csv,hybrid_candidate,/shared/ssd_30T/zhuoyingyang/physact/sam3_robowm/vlm_contact_oracle9/whole_video_causal_v1/candidate_rois/FRESH20/Cosmos3_seed102_0027/frame_0068,0,0,0.0,0.0,0.0,0,0,0.0,0.0,0.0,0,0,0.0,0.0,0.0,0.9861035652513853,0.008649965479712817,0.0052464692689017205,0.9571452008758129
FRESH20,Cosmos3_seed102_0027,UNSCORED,,white tape roll,80,GLOBAL_CLOSEST,0.0,0.0,0.0004593059133629,0.4997703470433184,0.4997703470433184,74.96555205649777,1,/shared/ssd_30T/zhuoyingyang/physact/sam3_robowm/pipeline20_e2e_v1/motion_hybrid/Cosmos3_seed102_0027_hybrid_trace.csv,hybrid_candidate,/shared/ssd_30T/zhuoyingyang/physact/sam3_robowm/vlm_contact_oracle9/whole_video_causal_v1/candidate_rois/FRESH20/Cosmos3_seed102_0027/frame_0080,0,0,0.0,0.0,0.0,0,0,0.0,0.0,0.0,0,0,0.0,0.0,0.0,0.9142787886904012,0.027501190520606494,0.05822002078899227,7.1970616049295515
FRESH20,Cosmos3_seed102_0027,UNSCORED,,white tape roll,96,TEMPORAL_BIN,0.0,0.0,0.0004303801282468,0.7766271939574775,0.2229424259142757,61.12560228930144,1,/shared/ssd_30T/zhuoyingyang/physact/sam3_robowm/pipeline20_e2e_v1/motion_hybrid/Cosmos3_seed102_0027_hybrid_trace.csv,hybrid_candidate,/shared/ssd_30T/zhuoyingyang/physact/sam3_robowm/vlm_contact_oracle9/whole_video_causal_v1/candidate_rois/FRESH20/Cosmos3_seed102_0027/frame_0096,0,0,0.0,0.0,0.0,0,0,0.0,0.0,0.0,0,0,0.0,0.0,0.0,0.9934348443025804,0.0024786132727677647,0.004086542424651873,0.5325849061035756
FRESH20,Cosmos3_seed102_0027,UNSCORED,,white tape roll,127,TEMPORAL_BIN,0.0,0.0,0.0008566241302424,0.9516367612930184,0.047506614576739,52.33249952232482,1,/shared/ssd_30T/zhuoyingyang/physact/sam3_robowm/pipeline20_e2e_v1/motion_hybrid/Cosmos3_seed102_0027_hybrid_trace.csv,hybrid_candidate,/shared/ssd_30T/zhuoyingyang/physact/sam3_robowm/vlm_contact_oracle9/whole_video_causal_v1/candidate_rois/FRESH20/Cosmos3_seed102_0027/frame_0127,0,1,1.0,52.33249952232482,52.33249952232482,0,1,1.0,52.33249952232482,52.33249952232482,0,1,1.0,52.33249952232482,52.33249952232482,0.9939829146135993,0.004086676225562875,0.0019304091608377965,0.39737472736192336
FRESH20,Cosmos3_seed102_0027,UNSCORED,,white tape roll,158,TEMPORAL_BIN,0.0,0.0,0.0042159994736802,0.8136920674383045,0.1820919330880153,58.89379668071676,1,/shared/ssd_30T/zhuoyingyang/physact/sam3_robowm/pipeline20_e2e_v1/motion_hybrid/Cosmos3_seed102_0027_hybrid_trace.csv,hybrid_candidate,/shared/ssd_30T/zhuoyingyang/physact/sam3_robowm/vlm_contact_oracle9/whole_video_causal_v1/candidate_rois/FRESH20/Cosmos3_seed102_0027/frame_0158,0,0,0.0,0.0,0.0,1,0,0.0,0.0,0.0,1,0,0.0,0.0,0.0,0.9960178992848394,0.0015034049672232458,0.0024786957479371948,0.3230398231548818
FRESH20,Cosmos3_seed102_0029,NO_CONTACT,0.0,brown cube,33,TEMPORAL_BIN,0.6653325121986232,35.33500671386719,0.8805857301851147,0.1194073090059598,6.960808925510371e-06,5.971061531190543,1,/shared/ssd_30T/zhuoyingyang/physact/sam3_robowm/pipeline20_e2e_v1/motion_hybrid/Cosmos3_seed102_0029_hybrid_trace.csv,hybrid_candidate,/shared/ssd_30T/zhuoyingyang/physact/sam3_robowm/vlm_contact_oracle9/whole_video_causal_v1/candidate_rois/FRESH20/Cosmos3_seed102_0029/frame_0033,0,0,0.0,0.0,0.0,0,0,0.0,0.0,0.0,0,0,0.0,0.0,0.0,0.9999063478538166,3.5357493904471636e-05,5.829465227895252e-05,0.007597339923118834
FRESH20,Cosmos3_seed102_0029,NO_CONTACT,0.0,brown cube,64,TEMPORAL_BIN,0.2765489458426942,14.739299774169922,0.8178260687869087,0.1821256000361315,4.833117695973832e-05,9.111113119502551,1,/shared/ssd_30T/zhuoyingyang/physact/sam3_robowm/pipeline20_e2e_v1/motion_hybrid/Cosmos3_seed102_0029_hybrid_trace.csv,hybrid_candidate,/shared/ssd_30T/zhuoyingyang/physact/sam3_robowm/vlm_contact_oracle9/whole_video_causal_v1/candidate_rois/FRESH20/Cosmos3_seed102_0029/frame_0064,0,0,0.0,0.0,0.0,0,0,0.0,0.0,0.0,0,0,0.0,0.0,0.0,0.9997531805897517,0.0001234097051242074,0.0001234097051242074,0.01851145576863111
FRESH20,Cosmos3_seed102_0029,NO_CONTACT,0.0,brown cube,92,TEMPORAL_BIN,0.1406683203079209,7.513599872589111,0.0019304563001793,0.997638800676402,0.0004307430234185,49.92501433616196,1,/shared/ssd_30T/zhuoyingyang/physact/sam3_robowm/pipeline20_e2e_v1/motion_hybrid/Cosmos3_seed102_0029_hybrid_trace.csv,hybrid_candidate,/shared/ssd_30T/zhuoyingyang/physact/sam3_robowm/vlm_contact_oracle9/whole_video_causal_v1/candidate_rois/FRESH20/Cosmos3_seed102_0029/frame_0092,0,0,0.0,0.0,0.0,0,1,1.0,49.92501433616196,49.92501433616196,0,1,1.0,49.92501433616196,49.92501433616196,0.9955909009026679,0.0024786919025969125,0.0019304071947352259,0.3169753146033682
FRESH20,Cosmos3_seed102_0029,NO_CONTACT,0.0,brown cube,99,GLOBAL_CLOSEST,0.1072043310368729,5.730000019073486,0.011107387938976,0.9886891731545364,0.0002034389064873,49.45480254837556,1,/shared/ssd_30T/zhuoyingyang/physact/sam3_robowm/pipeline20_e2e_v1/motion_hybrid/Cosmos3_seed102_0029_hybrid_trace.csv,hybrid_candidate,/shared/ssd_30T/zhuoyingyang/physact/sam3_robowm/vlm_contact_oracle9/whole_video_causal_v1/candidate_rois/FRESH20/Cosmos3_seed102_0029/frame_0099,0,1,1.0,49.45480254837556,49.45480254837556,0,1,1.0,49.45480254837556,49.45480254837556,0,1,1.0,49.45480254837556,49.45480254837556,0.9943386464256491,0.003182679942705974,0.002478673631645067,0.4070013602998053
FRESH20,Cosmos3_seed102_0029,NO_CONTACT,0.0,brown cube,111,TEMPORAL_BIN+GLOBAL_CLOSEST,0.0,0.0,0.0001687386811044,0.8523009767841682,0.1475302845347273,57.36807729268114,1,/shared/ssd_30T/zhuoyingyang/physact/sam3_robowm/pipeline20_e2e_v1/motion_hybrid/Cosmos3_seed102_0029_hybrid_trace.csv,hybrid_candidate,/shared/ssd_30T/zhuoyingyang/physact/sam3_robowm/vlm_contact_oracle9/whole_video_causal_v1/candidate_rois/FRESH20/Cosmos3_seed102_0029/frame_0111,1,1,0.5,57.36807729268114,28.68403864634057,1,1,0.5,57.36807729268114,28.68403864634057,1,1,0.5,57.36807729268114,28.68403864634057,0.715568665843051,0.15935340973787987,0.12507792441906904,20.475462928800898
FRESH20,Cosmos3_seed102_0029,NO_CONTACT,0.0,brown cube,136,TEMPORAL_BIN+GLOBAL_CLOSEST,0.0169320143468108,0.9549999833106996,0.0003352122930226,0.7767011357093633,0.2229636519976141,61.13142198522957,1,/shared/ssd_30T/zhuoyingyang/physact/sam3_robowm/pipeline20_e2e_v1/motion_hybrid/Cosmos3_seed102_0029_hybrid_trace.csv,hybrid_candidate,/shared/ssd_30T/zhuoyingyang/physact/sam3_robowm/vlm_contact_oracle9/whole_video_causal_v1/candidate_rois/FRESH20/Cosmos3_seed102_0029/frame_0136,0,1,1.0,61.13142198522957,61.13142198522957,1,1,0.5,61.13142198522957,30.565710992614783,1,1,0.5,61.13142198522957,30.565710992614783,0.7824207122868564,0.08214502979984437,0.1354342579132993,17.650677281322146
FRESH20,Cosmos3_seed102_0029,NO_CONTACT,0.0,brown cube,150,GLOBAL_CLOSEST,0.1220356419925866,6.558599948883057,0.000168672081552,0.8177276461011075,0.1821036818173404,59.09675048678942,1,/shared/ssd_30T/zhuoyingyang/physact/sam3_robowm/pipeline20_e2e_v1/motion_hybrid/Cosmos3_seed102_0029_hybrid_trace.csv,hybrid_candidate,/shared/ssd_30T/zhuoyingyang/physact/sam3_robowm/vlm_contact_oracle9/whole_video_causal_v1/candidate_rois/FRESH20/Cosmos3_seed102_0029/frame_0150,1,1,0.5,59.09675048678942,29.54837524339471,1,1,0.5,59.09675048678942,29.54837524339471,1,1,0.5,59.09675048678942,29.54837524339471,0.9352128002955155,0.036421841232056495,0.028365358472427982,4.6576279088456225
FRESH20,Cosmos3_seed102_0029,NO_CONTACT,0.0,brown cube,176,TEMPORAL_BIN+GLOBAL_CLOSEST,0.0,0.0,0.0007804117731515,0.8516567782191166,0.1475628100077319,57.33911991172902,1,/shared/ssd_30T/zhuoyingyang/physact/sam3_robowm/pipeline20_e2e_v1/motion_hybrid/Cosmos3_seed102_0029_hybrid_trace.csv,hybrid_candidate,/shared/ssd_30T/zhuoyingyang/physact/sam3_robowm/vlm_contact_oracle9/whole_video_causal_v1/candidate_rois/FRESH20/Cosmos3_seed102_0029/frame_0176,1,1,0.5,57.33911991172902,28.66955995586451,1,1,0.5,57.33911991172902,28.66955995586451,1,1,0.5,57.33911991172902,28.66955995586451,0.8421164512966889,0.08875842095746,0.06912512774585125,11.350433822458125
FRESH20,Cosmos3_seed102_0029,NO_CONTACT,0.0,brown cube,188,GLOBAL_CLOSEST,0.014934625664185,0.9549999833106996,0.095903472253489,0.9032668001356527,0.0008297276108581,45.24631276786846,1,/shared/ssd_30T/zhuoyingyang/physact/sam3_robowm/pipeline20_e2e_v1/motion_hybrid/Cosmos3_seed102_0029_hybrid_trace.csv,hybrid_candidate,/shared/ssd_30T/zhuoyingyang/physact/sam3_robowm/vlm_contact_oracle9/whole_video_causal_v1/candidate_rois/FRESH20/Cosmos3_seed102_0029/frame_0188,1,0,0.0,0.0,0.0,1,0,0.0,0.0,0.0,1,0,0.0,0.0,0.0,0.9943386464256491,0.003182679942705974,0.002478673631645067,0.4070013602998053
FRESH20,Cosmos3_seed102_0036,NO_CONTACT,0.0,white tape roll,21,TEMPORAL_BIN,0.4699837001664494,18.55929946899414,0.7769486117552798,0.223034693689769,1.6694554951122002e-05,11.153404139983564,1,/shared/ssd_30T/zhuoyingyang/physact/sam3_robowm/pipeline20_e2e_v1/motion_hybrid/Cosmos3_seed102_0036_hybrid_trace.csv,hybrid_candidate,/shared/ssd_30T/zhuoyingyang/physact/sam3_robowm/vlm_contact_oracle9/whole_video_causal_v1/candidate_rois/FRESH20/Cosmos3_seed102_0036/frame_0021,0,0,0.0,0.0,0.0,0,0,0.0,0.0,0.0,0,0,0.0,0.0,0.0,0.9999768626090032,1.3007297510252468e-05,1.0130093486627358e-05,0.0016633742241753593
FRESH20,Cosmos3_seed102_0036,NO_CONTACT,0.0,white tape roll,63,TEMPORAL_BIN,0.024666864895503,0.9549999833106996,0.0019301858121542,0.9894193215297924,0.0086504926580532,50.33601534229495,1,/shared/ssd_30T/zhuoyingyang/physact/sam3_robowm/pipeline20_e2e_v1/motion_hybrid/Cosmos3_seed102_0036_hybrid_trace.csv,hybrid_candidate,/shared/ssd_30T/zhuoyingyang/physact/sam3_robowm/vlm_contact_oracle9/whole_video_causal_v1/candidate_rois/FRESH20/Cosmos3_seed102_0036/frame_0063,0,0,0.0,0.0,0.0,0,0,0.0,0.0,0.0,0,1,1.0,50.33601534229495,50.33601534229495,0.9950015297391087,0.0040866217053177134,0.0009118485555735909,0.2955159408232448
FRESH20,Cosmos3_seed102_0036,NO_CONTACT,0.0,white tape roll,67,TEMPORAL_BIN+GLOBAL_CLOSEST,0.0,0.0,0.0001683594460766,0.4999158202769616,0.4999158202769616,74.98737304154425,1,/shared/ssd_30T/zhuoyingyang/physact/sam3_robowm/pipeline20_e2e_v1/motion_hybrid/Cosmos3_seed102_0036_hybrid_trace.csv,hybrid_candidate,/shared/ssd_30T/zhuoyingyang/physact/sam3_robowm/vlm_contact_oracle9/whole_video_causal_v1/candidate_rois/FRESH20/Cosmos3_seed102_0036/frame_0067,0,0,0.0,0.0,0.0,0,0,0.0,0.0,0.0,0,1,1.0,74.98737304154425,74.98737304154425,0.8421164512966889,0.08875842095746,0.06912512774585125,11.350433822458125
FRESH20,Cosmos3_seed102_0036,NO_CONTACT,0.0,white tape roll,79,GLOBAL_CLOSEST,0.0,0.0,0.0031825803607699,0.99273090556535,0.0040865140738799,50.04519668565549,1,/shared/ssd_30T/zhuoyingyang/physact/sam3_robowm/pipeline20_e2e_v1/motion_hybrid/Cosmos3_seed102_0036_hybrid_trace.csv,hybrid_candidate,/shared/ssd_30T/zhuoyingyang/physact/sam3_robowm/vlm_contact_oracle9/whole_video_causal_v1/candidate_rois/FRESH20/Cosmos3_seed102_0036/frame_0079,0,0,0.0,0.0,0.0,0,1,1.0,50.04519668565549,50.04519668565549,0,1,1.0,50.04519668565549,50.04519668565549,0.9959053931592977,0.0031827373288429283,0.0009118695118594872,0.25032381762809514
FRESH20,Cosmos3_seed102_0036,NO_CONTACT,0.0,white tape roll,91,GLOBAL_CLOSEST,0.0,0.0,0.0008300774831351,0.923272041142848,0.0758978813740172,53.75339019454412,1,/shared/ssd_30T/zhuoyingyang/physact/sam3_robowm/pipeline20_e2e_v1/motion_hybrid/Cosmos3_seed102_0036_hybrid_trace.csv,hybrid_candidate,/shared/ssd_30T/zhuoyingyang/physact/sam3_robowm/vlm_contact_oracle9/whole_video_causal_v1/candidate_rois/FRESH20/Cosmos3_seed102_0036/frame_0091,0,1,1.0,53.75339019454412,53.75339019454412,0,1,1.0,53.75339019454412,53.75339019454412,0,1,1.0,53.75339019454412,53.75339019454412,0.9241805765550678,0.05913861198840688,0.016680811456525307,4.625011745072874
FRESH20,Cosmos3_seed102_0036,NO_CONTACT,0.0,white tape roll,96,TEMPORAL_BIN,0.0,0.0,0.0002958956072658,0.8803312965536784,0.1193728078390558,55.9538456115895,1,/shared/ssd_30T/zhuoyingyang/physact/sam3_robowm/pipeline20_e2e_v1/motion_hybrid/Cosmos3_seed102_0036_hybrid_trace.csv,hybrid_candidate,/shared/ssd_30T/zhuoyingyang/physact/sam3_robowm/vlm_contact_oracle9/whole_video_causal_v1/candidate_rois/FRESH20/Cosmos3_seed102_0036/frame_0096,1,1,0.5,55.9538456115895,27.97692280579475,1,1,0.5,55.9538456115895,27.97692280579475,1,1,0.5,55.9538456115895,27.97692280579475,0.9360352115661976,0.046762007314784616,0.017202781119017862,4.058378477641017
FRESH20,Cosmos3_seed102_0036,NO_CONTACT,0.0,white tape roll,103,GLOBAL_CLOSEST,0.0,0.0,0.0004877557550477,0.8801623460693184,0.1193498981756338,55.943107121029314,1,/shared/ssd_30T/zhuoyingyang/physact/sam3_robowm/pipeline20_e2e_v1/motion_hybrid/Cosmos3_seed102_0036_hybrid_trace.csv,hybrid_candidate,/shared/ssd_30T/zhuoyingyang/physact/sam3_robowm/vlm_contact_oracle9/whole_video_causal_v1/candidate_rois/FRESH20/Cosmos3_seed102_0036/frame_0103,1,1,0.5,55.943107121029314,27.971553560514657,1,1,0.5,55.943107121029314,27.971553560514657,1,1,0.5,55.943107121029314,27.971553560514657,0.9463539631803854,0.03643524550306104,0.017210791316553502,3.542841406808402
FRESH20,Cosmos3_seed102_0036,NO_CONTACT,0.0,white tape roll,115,GLOBAL_CLOSEST,0.0,0.0,0.0047751082261005,0.919353352395602,0.0758715393782974,53.55482155760984,1,/shared/ssd_30T/zhuoyingyang/physact/sam3_robowm/pipeline20_e2e_v1/motion_hybrid/Cosmos3_seed102_0036_hybrid_trace.csv,hybrid_candidate,/shared/ssd_30T/zhuoyingyang/physact/sam3_robowm/vlm_contact_oracle9/whole_video_causal_v1/candidate_rois/FRESH20/Cosmos3_seed102_0036/frame_0115,1,1,0.5,53.55482155760984,26.77741077880492,1,1,0.5,53.55482155760984,26.77741077880492,1,1,0.5,53.55482155760984,26.77741077880492,0.9861035652513853,0.008649965479712817,0.0052464692689017205,0.9571452008758129
FRESH20,Cosmos3_seed102_0036,NO_CONTACT,0.0,white tape roll,127,TEMPORAL_BIN+GLOBAL_CLOSEST,0.0,0.0,0.0227898442158186,0.9633874165372128,0.0138227392469686,49.551644751557504,1,/shared/ssd_30T/zhuoyingyang/physact/sam3_robowm/pipeline20_e2e_v1/motion_hybrid/Cosmos3_seed102_0036_hybrid_trace.csv,hybrid_candidate,/shared/ssd_30T/zhuoyingyang/physact/sam3_robowm/vlm_contact_oracle9/whole_video_causal_v1/candidate_rois/FRESH20/Cosmos3_seed102_0036/frame_0127,1,1,0.5,49.551644751557504,24.775822375778752,1,1,0.5,49.551644751557504,24.775822375778752,1,1,0.5,49.551644751557504,24.775822375778752,0.9950426238315135,0.0024786880842433074,0.0024786880842433074,0.3718032126364961
FRESH20,Cosmos3_seed102_0036,NO_CONTACT,0.0,white tape roll,158,TEMPORAL_BIN,0.0,0.0,0.0009106769447221,0.776254021782743,0.2228353012725347,61.09623121639063,1,/shared/ssd_30T/zhuoyingyang/physact/sam3_robowm/pipeline20_e2e_v1/motion_hybrid/Cosmos3_seed102_0036_hybrid_trace.csv,hybrid_candidate,/shared/ssd_30T/zhuoyingyang/physact/sam3_robowm/vlm_contact_oracle9/whole_video_causal_v1/candidate_rois/FRESH20/Cosmos3_seed102_0036/frame_0158,0,1,1.0,61.09623121639063,61.09623121639063,1,1,0.5,61.09623121639063,30.548115608195317,1,1,0.5,61.09623121639063,30.548115608195317,0.9714773731604265,0.010768451612892522,0.017754175226681,2.3138401033127263
FRESH20,Cosmos3_seed102_0042,CONTACT,1.0,brown cube,29,TEMPORAL_BIN+GLOBAL_CLOSEST,0.5994448711154631,24.28929901123047,0.1821198899469858,0.8178004279118337,7.968214118046456e-05,40.89798960970973,0,/shared/ssd_30T/zhuoyingyang/physact/sam3_robowm/pipeline20_e2e_v1/motion_hybrid/Cosmos3_seed102_0042_hybrid_trace.csv,hybrid_candidate,/shared/ssd_30T/zhuoyingyang/physact/sam3_robowm/vlm_contact_oracle9/whole_video_causal_v1/candidate_rois/FRESH20/Cosmos3_seed102_0042/frame_0029,0,0,0.0,0.0,0.0,0,0,0.0,0.0,0.0,0,0,0.0,0.0,0.0,0.9998963054299711,4.53999194892377e-05,5.829465053975836e-05,0.008099461028437721
FRESH20,Cosmos3_seed102_0042,CONTACT,1.0,brown cube,47,TEMPORAL_BIN+GLOBAL_CLOSEST,0.3525084869705362,14.324999809265137,0.0111069600508621,0.9869629397013528,0.0019301002477848,49.54115700984613,0,/shared/ssd_30T/zhuoyingyang/physact/sam3_robowm/pipeline20_e2e_v1/motion_hybrid/Cosmos3_seed102_0042_hybrid_trace.csv,hybrid_candidate,/shared/ssd_30T/zhuoyingyang/physact/sam3_robowm/vlm_contact_oracle9/whole_video_causal_v1/candidate_rois/FRESH20/Cosmos3_seed102_0042/frame_0047,0,0,0.0,0.0,0.0,0,0,0.0,0.0,0.0,0,0,0.0,0.0,0.0,0.9981189572448352,0.0011708726153420443,0.0007101701398228667,0.1295606447493889
FRESH20,Cosmos3_seed102_0042,CONTACT,1.0,brown cube,64,GLOBAL_CLOSEST,0.3532241025967695,14.324999809265137,0.00039209576163,0.9237110057187862,0.0758968985195837,53.77524013789768,0,/shared/ssd_30T/zhuoyingyang/physact/sam3_robowm/pipeline20_e2e_v1/motion_hybrid/Cosmos3_seed102_0042_hybrid_trace.csv,hybrid_candidate,/shared/ssd_30T/zhuoyingyang/physact/sam3_robowm/vlm_contact_oracle9/whole_video_causal_v1/candidate_rois/FRESH20/Cosmos3_seed102_0042/frame_0064,0,0,0.0,0.0,0.0,0,0,0.0,0.0,0.0,0,0,0.0,0.0,0.0,0.9414685177103381,0.02209801496938571,0.03643346732027606,4.748247480496891
FRESH20,Cosmos3_seed102_0042,CONTACT,1.0,brown cube,81,GLOBAL_CLOSEST,0.3503540986512323,14.324999809265137,0.0003150461036096,0.9621146589627144,0.0375702949336758,51.86276244150331,0,/shared/ssd_30T/zhuoyingyang/physact/sam3_robowm/pipeline20_e2e_v1/motion_hybrid/Cosmos3_seed102_0042_hybrid_trace.csv,hybrid_candidate,/shared/ssd_30T/zhuoyingyang/physact/sam3_robowm/vlm_contact_oracle9/whole_video_causal_v1/candidate_rois/FRESH20/Cosmos3_seed102_0042/frame_0081,0,0,0.0,0.0,0.0,0,0,0.0,0.0,0.0,0,0,0.0,0.0,0.0,0.959807367512605,0.01775200079628149,0.02244063169111366,3.1316632089254406
FRESH20,Cosmos3_seed102_0042,CONTACT,1.0,brown cube,93,GLOBAL_CLOSEST,0.3202079844304007,13.243599891662598,0.0006463111338494,0.9034326117283896,0.0959210771377612,54.7637383001956,0,/shared/ssd_30T/zhuoyingyang/physact/sam3_robowm/pipeline20_e2e_v1/motion_hybrid/Cosmos3_seed102_0042_hybrid_trace.csv,hybrid_candidate,/shared/ssd_30T/zhuoyingyang/physact/sam3_robowm/vlm_contact_oracle9/whole_video_causal_v1/candidate_rois/FRESH20/Cosmos3_seed102_0042/frame_0093,0,0,0.0,0.0,0.0,0,0,0.0,0.0,0.0,0,0,0.0,0.0,0.0,0.9321663696816845,0.021762473518377488,0.046071156799938034,5.695239355912678
FRESH20,Cosmos3_seed102_0042,CONTACT,1.0,brown cube,95,TEMPORAL_BIN,0.2529597931582507,10.505000114440918,0.0005031975267108,0.9036043275103895,0.0958924749628996,54.76946387180944,0,/shared/ssd_30T/zhuoyingyang/physact/sam3_robowm/pipeline20_e2e_v1/motion_hybrid/Cosmos3_seed102_0042_hybrid_trace.csv,hybrid_candidate,/shared/ssd_30T/zhuoyingyang/physact/sam3_robowm/vlm_contact_oracle9/whole_video_causal_v1/candidate_rois/FRESH20/Cosmos3_seed102_0042/frame_0095,0,0,0.0,0.0,0.0,0,0,0.0,0.0,0.0,0,0,0.0,0.0,0.0,0.9414685177103381,0.02209801496938571,0.03643346732027606,4.748247480496891
FRESH20,Cosmos3_seed102_0042,CONTACT,1.0,brown cube,105,TEMPORAL_BIN+GLOBAL_CLOSEST,0.0321382230955746,1.3693000078201294,0.000519581278036,0.9394249884464468,0.0600554302755173,52.97679244987407,0,/shared/ssd_30T/zhuoyingyang/physact/sam3_robowm/pipeline20_e2e_v1/motion_hybrid/Cosmos3_seed102_0042_hybrid_trace.csv,hybrid_candidate,/shared/ssd_30T/zhuoyingyang/physact/sam3_robowm/vlm_contact_oracle9/whole_video_causal_v1/candidate_rois/FRESH20/Cosmos3_seed102_0042/frame_0105,0,0,0.0,0.0,0.0,0,0,0.0,0.0,0.0,0,0,0.0,0.0,0.0,0.9352128002955155,0.028365358472427982,0.036421841232056495,5.060452046827049
FRESH20,Cosmos3_seed102_0042,CONTACT,1.0,brown cube,142,TEMPORAL_BIN,1.0334062058969915,38.17890930175781,0.924064536029794,0.0759259464079081,9.517562297936686e-06,3.797249076625201,0,/shared/ssd_30T/zhuoyingyang/physact/sam3_robowm/pipeline20_e2e_v1/motion_hybrid/Cosmos3_seed102_0042_hybrid_trace.csv,hybrid_candidate,/shared/ssd_30T/zhuoyingyang/physact/sam3_robowm/vlm_contact_oracle9/whole_video_causal_v1/candidate_rois/FRESH20/Cosmos3_seed102_0042/frame_0142,0,0,0.0,0.0,0.0,0,0,0.0,0.0,0.0,0,0,0.0,0.0,0.0,0.9999768626090032,1.0130093486627358e-05,1.3007297510252468e-05,0.0018072344253566147
FRESH20,Cosmos3_seed102_0042,CONTACT,1.0,brown cube,165,TEMPORAL_BIN,1.016237458308088,36.97111129760742,0.4375956380348347,0.5618839214684168,0.0005204404967483,28.14624012309568,0,/shared/ssd_30T/zhuoyingyang/physact/sam3_robowm/pipeline20_e2e_v1/motion_hybrid/Cosmos3_seed102_0042_hybrid_trace.csv,hybrid_candidate,/shared/ssd_30T/zhuoyingyang/physact/sam3_robowm/vlm_contact_oracle9/whole_video_causal_v1/candidate_rois/FRESH20/Cosmos3_seed102_0042/frame_0165,0,0,0.0,0.0,0.0,0,0,0.0,0.0,0.0,0,0,0.0,0.0,0.0,0.9992337946360621,0.0004307426504585965,0.00033546271347940736,0.05508340387087056
FRESH20,Cosmos3_seed103_0003,CONTACT_UNCERTAIN,,yellow cube,19,TEMPORAL_BIN,8.795189764979106,159.793701171875,0.8524253476744943,0.147551812695949,2.2839629556644384e-05,7.379874597753118,1,/shared/ssd_30T/zhuoyingyang/physact/sam3_robowm/pipeline20_e2e_v1/motion_hybrid/Cosmos3_seed103_0003_hybrid_trace.csv,hybrid_candidate,/shared/ssd_30T/zhuoyingyang/physact/sam3_robowm/vlm_contact_oracle9/whole_video_causal_v1/candidate_rois/FRESH20/Cosmos3_seed103_0003/frame_0019,0,0,0.0,0.0,0.0,1,1,0.5,7.379874597753118,3.689937298876559,1,1,0.5,7.379874597753118,3.689937298876559,0.9999808484892073,1.3007298187385468e-05,6.1442126052497225e-06,0.0012647861698942458
FRESH20,Cosmos3_seed103_0003,CONTACT_UNCERTAIN,,yellow cube,38,TEMPORAL_BIN+GLOBAL_CLOSEST,3.8445374145773648,70.01692199707031,0.5621258346190534,0.4377840401859857,9.01251949607592e-05,21.898214528795364,1,/shared/ssd_30T/zhuoyingyang/physact/sam3_robowm/pipeline20_e2e_v1/motion_hybrid/Cosmos3_seed103_0003_hybrid_trace.csv,hybrid_candidate,/shared/ssd_30T/zhuoyingyang/physact/sam3_robowm/vlm_contact_oracle9/whole_video_causal_v1/candidate_rois/FRESH20/Cosmos3_seed103_0003/frame_0038,1,1,0.5,21.898214528795364,10.949107264397682,1,1,0.5,21.898214528795364,10.949107264397682,1,1,0.5,21.898214528795364,10.949107264397682,0.9998668534585818,7.485185675936947e-05,5.8294684658545564e-05,0.009572061303823029
FRESH20,Cosmos3_seed103_0003,CONTACT_UNCERTAIN,,yellow cube,64,TEMPORAL_BIN,3.2858447708858938,60.21411895751953,0.0111075607885993,0.9879806750993536,0.000911764112047,49.49021016617239,1,/shared/ssd_30T/zhuoyingyang/physact/sam3_robowm/pipeline20_e2e_v1/motion_hybrid/Cosmos3_seed103_0003_hybrid_trace.csv,hybrid_candidate,/shared/ssd_30T/zhuoyingyang/physact/sam3_robowm/vlm_contact_oracle9/whole_video_causal_v1/candidate_rois/FRESH20/Cosmos3_seed103_0003/frame_0064,1,1,0.5,49.49021016617239,24.745105083086194,1,1,0.5,49.49021016617239,24.745105083086194,1,1,0.5,49.49021016617239,24.745105083086194,0.9966093960813179,0.002478730081489132,0.0009118738371930656,0.21512388779376315
FRESH20,Cosmos3_seed103_0003,CONTACT_UNCERTAIN,,yellow cube,75,GLOBAL_CLOSEST,2.7325213246129825,50.66411972045898,0.0005361709061811,0.9766652620260414,0.0227985670677772,51.1131198080798,1,/shared/ssd_30T/zhuoyingyang/physact/sam3_robowm/pipeline20_e2e_v1/motion_hybrid/Cosmos3_seed103_0003_hybrid_trace.csv,hybrid_candidate,/shared/ssd_30T/zhuoyingyang/physact/sam3_robowm/vlm_contact_oracle9/whole_video_causal_v1/candidate_rois/FRESH20/Cosmos3_seed103_0003/frame_0075,0,1,1.0,51.1131198080798,51.1131198080798,1,1,0.5,51.1131198080798,25.5565599040399,1,1,0.5,51.1131198080798,25.5565599040399,0.9757125445609847,0.017755552651786265,0.006531902787229251,1.5409679113122383
FRESH20,Cosmos3_seed103_0003,CONTACT_UNCERTAIN,,yellow cube,89,TEMPORAL_BIN+GLOBAL_CLOSEST,0.0,0.0,9.02907370712601e-05,0.1821179577567086,0.8177917515062201,90.88507303845743,1,/shared/ssd_30T/zhuoyingyang/physact/sam3_robowm/pipeline20_e2e_v1/motion_hybrid/Cosmos3_seed103_0003_hybrid_trace.csv,hybrid_candidate,/shared/ssd_30T/zhuoyingyang/physact/sam3_robowm/vlm_contact_oracle9/whole_video_causal_v1/candidate_rois/FRESH20/Cosmos3_seed103_0003/frame_0089,1,1,0.5,90.88507303845743,45.442536519228725,1,1,0.5,90.88507303845743,45.442536519228725,1,1,0.5,90.88507303845743,45.442536519228725,0.4182781745277346,0.2546914851393683,0.3270303403328972,45.43760829025813
FRESH20,Cosmos3_seed103_0003,CONTACT_UNCERTAIN,,yellow cube,91,TEMPORAL_BIN,0.0,0.0,7.968214118046456e-05,0.8178004279118337,0.1821198899469858,59.10201039029026,1,/shared/ssd_30T/zhuoyingyang/physact/sam3_robowm/pipeline20_e2e_v1/motion_hybrid/Cosmos3_seed103_0003_hybrid_trace.csv,hybrid_candidate,/shared/ssd_30T/zhuoyingyang/physact/sam3_robowm/vlm_contact_oracle9/whole_video_causal_v1/candidate_rois/FRESH20/Cosmos3_seed103_0003/frame_0091,1,1,0.5,59.10201039029026,29.55100519514513,1,1,0.5,59.10201039029026,29.55100519514513,1,1,0.5,59.10201039029026,29.55100519514513,0.6079471823597835,0.28661357561194517,0.10543924202827133,24.874602983424392
FRESH20,Cosmos3_seed103_0003,CONTACT_UNCERTAIN,,yellow cube,106,GLOBAL_CLOSEST,0.0,0.0,7.483818960860046e-05,0.023148917796161,0.9767762440142302,98.83507029123108,1,/shared/ssd_30T/zhuoyingyang/physact/sam3_robowm/pipeline20_e2e_v1/motion_hybrid/Cosmos3_seed103_0003_hybrid_trace.csv,hybrid_candidate,/shared/ssd_30T/zhuoyingyang/physact/sam3_robowm/vlm_contact_oracle9/whole_video_causal_v1/candidate_rois/FRESH20/Cosmos3_seed103_0003/frame_0106,1,1,0.5,98.83507029123108,49.41753514561554,1,1,0.5,98.83507029123108,49.41753514561554,1,1,0.5,98.83507029123108,49.41753514561554,0.2161845134842334,0.029257392363758045,0.7545580941520086,76.91867903338876
FRESH20,Cosmos3_seed103_0003,CONTACT_UNCERTAIN,,yellow cube,121,TEMPORAL_BIN+GLOBAL_CLOSEST,0.0,0.0,0.1194359612153961,0.8799372963806021,0.0006267424040017,44.05953905943028,1,/shared/ssd_30T/zhuoyingyang/physact/sam3_robowm/pipeline20_e2e_v1/motion_hybrid/Cosmos3_seed103_0003_hybrid_trace.csv,hybrid_candidate,/shared/ssd_30T/zhuoyingyang/physact/sam3_robowm/vlm_contact_oracle9/whole_video_causal_v1/candidate_rois/FRESH20/Cosmos3_seed103_0003/frame_0121,1,1,0.5,44.05953905943028,22.02976952971514,1,1,0.5,44.05953905943028,22.02976952971514,1,1,0.5,44.05953905943028,22.02976952971514,0.9985796544717741,0.0007101727641129319,0.0007101727641129319,0.10652591461693978
FRESH20,Cosmos3_seed103_0003,CONTACT_UNCERTAIN,,yellow cube,134,GLOBAL_CLOSEST,1.991582859238073,27.477298736572266,0.0013687595730648,0.3765656527673296,0.6220655876596056,81.03484140432704,1,/shared/ssd_30T/zhuoyingyang/physact/sam3_robowm/pipeline20_e2e_v1/motion_hybrid/Cosmos3_seed103_0003_hybrid_trace.csv,hybrid_candidate,/shared/ssd_30T/zhuoyingyang/physact/sam3_robowm/vlm_contact_oracle9/whole_video_causal_v1/candidate_rois/FRESH20/Cosmos3_seed103_0003/frame_0134,1,1,0.5,81.03484140432704,40.51742070216352,1,1,0.5,81.03484140432704,40.51742070216352,1,1,0.5,81.03484140432704,40.51742070216352,0.5309603555820255,0.05552730371082132,0.41351234070715304,44.12759925625637
FRESH20,Cosmos3_seed103_0004,CONTACT,1.0,yellow cube,24,TEMPORAL_BIN,2.087812511231728,36.32509994506836,0.3779916655642657,0.6219868938924509,2.144054328328178e-05,31.101488748950874,1,/shared/ssd_30T/zhuoyingyang/physact/sam3_robowm/pipeline20_e2e_v1/motion_hybrid/Cosmos3_seed103_0004_hybrid_trace.csv,hybrid_candidate,/shared/ssd_30T/zhuoyingyang/physact/sam3_robowm/vlm_contact_oracle9/whole_video_causal_v1/candidate_rois/FRESH20/Cosmos3_seed103_0004/frame_0024,0,0,0.0,0.0,0.0,1,1,0.5,31.101488748950874,15.550744374475435,1,1,0.5,31.101488748950874,15.550744374475435,0.9998797482518959,7.485182270079814e-05,4.539992540340817e-05,0.008282583675380725
FRESH20,Cosmos3_seed103_0004,CONTACT,1.0,yellow cube,47,TEMPORAL_BIN,0.0544052263736075,0.9549999833106996,0.0018713741433581,0.975330621656965,0.0227980041996767,51.04633150281593,1,/shared/ssd_30T/zhuoyingyang/physact/sam3_robowm/pipeline20_e2e_v1/motion_hybrid/Cosmos3_seed103_0004_hybrid_trace.csv,hybrid_candidate,/shared/ssd_30T/zhuoyingyang/physact/sam3_robowm/vlm_contact_oracle9/whole_video_causal_v1/candidate_rois/FRESH20/Cosmos3_seed103_0004/frame_0047,1,1,0.5,51.04633150281593,25.52316575140797,1,1,0.5,51.04633150281593,25.52316575140797,1,1,0.5,51.04633150281593,25.52316575140797,0.9950426238315135,0.0024786880842433074,0.0024786880842433074,0.3718032126364961
FRESH20,Cosmos3_seed103_0004,CONTACT,1.0,yellow cube,49,TEMPORAL_BIN+GLOBAL_CLOSEST,0.0,0.0,0.0008834813117316,0.961549937386605,0.0375665813016634,51.8341549994966,1,/shared/ssd_30T/zhuoyingyang/physact/sam3_robowm/pipeline20_e2e_v1/motion_hybrid/Cosmos3_seed103_0004_hybrid_trace.csv,hybrid_candidate,/shared/ssd_30T/zhuoyingyang/physact/sam3_robowm/vlm_contact_oracle9/whole_video_causal_v1/candidate_rois/FRESH20/Cosmos3_seed103_0004/frame_0049,1,1,0.5,51.8341549994966,25.9170774997483,1,1,0.5,51.8341549994966,25.9170774997483,1,1,0.5,51.8341549994966,25.9170774997483,0.99363468034739,0.003182659826305054,0.003182659826305054,0.47739897394575814
FRESH20,Cosmos3_seed103_0004,CONTACT,1.0,yellow cube,63,GLOBAL_CLOSEST,0.0,0.0,0.0004307197066501,0.9928316904769562,0.0067375898163935,50.31534350548717,1,/shared/ssd_30T/zhuoyingyang/physact/sam3_robowm/pipeline20_e2e_v1/motion_hybrid/Cosmos3_seed103_0004_hybrid_trace.csv,hybrid_candidate,/shared/ssd_30T/zhuoyingyang/physact/sam3_robowm/vlm_contact_oracle9/whole_video_causal_v1/candidate_rois/FRESH20/Cosmos3_seed103_0004/frame_0063,1,1,0.5,50.31534350548717,25.157671752743585,1,1,0.5,50.31534350548717,25.157671752743585,1,1,0.5,50.31534350548717,25.157671752743585,0.9864148262864497,0.01110689128285546,0.002478282430694738,0.8031728072122468
FRESH20,Cosmos3_seed103_0004,CONTACT,1.0,yellow cube,70,TEMPORAL_BIN,0.0,0.0,0.0006884343035958,0.9765137525889588,0.0227978131074451,51.10546894019245,1,/shared/ssd_30T/zhuoyingyang/physact/sam3_robowm/pipeline20_e2e_v1/motion_hybrid/Cosmos3_seed103_0004_hybrid_trace.csv,hybrid_candidate,/shared/ssd_30T/zhuoyingyang/physact/sam3_robowm/vlm_contact_oracle9/whole_video_causal_v1/candidate_rois/FRESH20/Cosmos3_seed103_0004/frame_0070,1,1,0.5,51.10546894019245,25.552734470096222,1,1,0.5,51.10546894019245,25.552734470096222,1,1,0.5,51.10546894019245,25.552734470096222,0.9796402807346895,0.013827887646189878,0.006531831619120777,1.3445775442215715
FRESH20,Cosmos3_seed103_0004,CONTACT,1.0,yellow cube,75,GLOBAL_CLOSEST,0.0,0.0,0.0004307197066501,0.9928316904769562,0.0067375898163935,50.31534350548717,1,/shared/ssd_30T/zhuoyingyang/physact/sam3_robowm/pipeline20_e2e_v1/motion_hybrid/Cosmos3_seed103_0004_hybrid_trace.csv,hybrid_candidate,/shared/ssd_30T/zhuoyingyang/physact/sam3_robowm/vlm_contact_oracle9/whole_video_causal_v1/candidate_rois/FRESH20/Cosmos3_seed103_0004/frame_0075,1,1,0.5,50.31534350548717,25.157671752743585,1,1,0.5,50.31534350548717,25.157671752743585,1,1,0.5,50.31534350548717,25.157671752743585,0.9732421275365628,0.022796444419936102,0.003961428043501192,1.5359650253469244
FRESH20,Cosmos3_seed103_0004,CONTACT,1.0,yellow cube,87,GLOBAL_CLOSEST,0.0,0.0,0.000473489061006,0.8519183751806532,0.1476081357583406,57.35673233486672,1,/shared/ssd_30T/zhuoyingyang/physact/sam3_robowm/pipeline20_e2e_v1/motion_hybrid/Cosmos3_seed103_0004_hybrid_trace.csv,hybrid_candidate,/shared/ssd_30T/zhuoyingyang/physact/sam3_robowm/vlm_contact_oracle9/whole_video_causal_v1/candidate_rois/FRESH20/Cosmos3_seed103_0004/frame_0087,1,1,0.5,57.35673233486672,28.67836616743336,1,1,0.5,57.35673233486672,28.67836616743336,1,1,0.5,57.35673233486672,28.67836616743336,0.5675879508812102,0.26915891489810545,0.16325313422068444,29.783259166973718
FRESH20,Cosmos3_seed103_0004,CONTACT,1.0,yellow cube,92,TEMPORAL_BIN,0.0,0.0,0.5620692511950676,0.4377399729710767,0.0001907758338556,21.9060762319394,1,/shared/ssd_30T/zhuoyingyang/physact/sam3_robowm/pipeline20_e2e_v1/motion_hybrid/Cosmos3_seed103_0004_hybrid_trace.csv,hybrid_candidate,/shared/ssd_30T/zhuoyingyang/physact/sam3_robowm/vlm_contact_oracle9/whole_video_causal_v1/candidate_rois/FRESH20/Cosmos3_seed103_0004/frame_0092,1,1,0.5,21.9060762319394,10.9530381159697,1,1,0.5,21.9060762319394,10.9530381159697,1,1,0.5,21.9060762319394,10.9530381159697,0.9988268581910534,0.0009118829652324387,0.00026125884371418765,0.0717200326330407
FRESH20,Cosmos3_seed103_0004,CONTACT,1.0,yellow cube,99,GLOBAL_CLOSEST,0.0,0.0,0.04750228439521,0.9510855099131678,0.001412205691622,47.69549606482059,1,/shared/ssd_30T/zhuoyingyang/physact/sam3_robowm/pipeline20_e2e_v1/motion_hybrid/Cosmos3_seed103_0004_hybrid_trace.csv,hybrid_candidate,/shared/ssd_30T/zhuoyingyang/physact/sam3_robowm/vlm_contact_oracle9/whole_video_causal_v1/candidate_rois/FRESH20/Cosmos3_seed103_0004/frame_0099,1,1,0.5,47.69549606482059,23.84774803241029,1,1,0.5,47.69549606482059,23.84774803241029,1,1,0.5,47.69549606482059,23.84774803241029,0.9956464681876362,0.003182686778767261,0.001170845033596638,0.27621884229802685
FRESH20,Cosmos3_seed103_0004,CONTACT,1.0,yellow cube,111,GLOBAL_CLOSEST,0.0,0.0,0.0002307601966562,0.679872331410228,0.3198969083931159,65.98330740982298,1,/shared/ssd_30T/zhuoyingyang/physact/sam3_robowm/pipeline20_e2e_v1/motion_hybrid/Cosmos3_seed103_0004_hybrid_trace.csv,hybrid_candidate,/shared/ssd_30T/zhuoyingyang/physact/sam3_robowm/vlm_contact_oracle9/whole_video_causal_v1/candidate_rois/FRESH20/Cosmos3_seed103_0004/frame_0111,1,1,0.5,65.98330740982298,32.99165370491149,1,1,0.5,65.98330740982298,32.99165370491149,1,1,0.5,65.98330740982298,32.99165370491149,0.4373487435378189,0.12530251292436217,0.4373487435378189,50.0
FRESH20,Cosmos3_seed103_0004,CONTACT,1.0,yellow cube,114,TEMPORAL_BIN,0.0,0.0,0.0006670571265522,0.9392863739276496,0.0600465689457984,52.96897559096232,1,/shared/ssd_30T/zhuoyingyang/physact/sam3_robowm/pipeline20_e2e_v1/motion_hybrid/Cosmos3_seed103_0004_hybrid_trace.csv,hybrid_candidate,/shared/ssd_30T/zhuoyingyang/physact/sam3_robowm/vlm_contact_oracle9/whole_video_causal_v1/candidate_rois/FRESH20/Cosmos3_seed103_0004/frame_0114,1,1,0.5,52.96897559096232,26.48448779548116,1,1,0.5,52.96897559096232,26.48448779548116,1,1,0.5,52.96897559096232,26.48448779548116,0.9398319272535663,0.013399438153482044,0.04676863459295156,5.346835366969258
FRESH20,Cosmos3_seed103_0026,UNSCORED,,white tape,33,TEMPORAL_BIN,0.931546807394526,37.24501037597656,0.8524414338385551,0.147554597154052,3.969007392941583e-06,7.378126758441894,1,/shared/ssd_30T/zhuoyingyang/physact/sam3_robowm/pipeline20_e2e_v1/motion_hybrid/Cosmos3_seed103_0026_hybrid_trace.csv,hybrid_candidate,/shared/ssd_30T/zhuoyingyang/physact/sam3_robowm/vlm_contact_oracle9/whole_video_causal_v1/candidate_rois/FRESH20/Cosmos3_seed103_0026/frame_0033,0,0,0.0,0.0,0.0,1,0,0.0,0.0,0.0,1,0,0.0,0.0,0.0,0.9999923125626458,2.90232024010578e-06,4.7851171142459015e-06,0.0006236277234298792
FRESH20,Cosmos3_seed103_0026,UNSCORED,,white tape,64,TEMPORAL_BIN,0.3320847270445342,13.27869987487793,0.0009118485555735,0.9950015297391088,0.0040866217053177,50.15873865748721,1,/shared/ssd_30T/zhuoyingyang/physact/sam3_robowm/pipeline20_e2e_v1/motion_hybrid/Cosmos3_seed103_0026_hybrid_trace.csv,hybrid_candidate,/shared/ssd_30T/zhuoyingyang/physact/sam3_robowm/vlm_contact_oracle9/whole_video_causal_v1/candidate_rois/FRESH20/Cosmos3_seed103_0026/frame_0064,0,0,0.0,0.0,0.0,0,0,0.0,0.0,0.0,0,0,0.0,0.0,0.0,0.9968110891219804,0.0024787399827831836,0.0007101708952365271,0.19495408866281191
FRESH20,Cosmos3_seed103_0026,UNSCORED,,white tape,85,TEMPORAL_BIN+GLOBAL_CLOSEST,0.0,0.0,0.000168672081552,0.8177276461011075,0.1821036818173404,59.09675048678942,1,/shared/ssd_30T/zhuoyingyang/physact/sam3_robowm/pipeline20_e2e_v1/motion_hybrid/Cosmos3_seed103_0026_hybrid_trace.csv,hybrid_candidate,/shared/ssd_30T/zhuoyingyang/physact/sam3_robowm/vlm_contact_oracle9/whole_video_causal_v1/candidate_rois/FRESH20/Cosmos3_seed103_0026/frame_0085,0,0,0.0,0.0,0.0,0,0,0.0,0.0,0.0,0,0,0.0,0.0,0.0,0.899317849394576,0.07360454991501338,0.027077600690410653,6.387987564791733
FRESH20,Cosmos3_seed103_0026,UNSCORED,,white tape,96,TEMPORAL_BIN,0.0,0.0,0.0001313668505096,0.8177581567661724,0.1821104763833179,59.09895547664041,1,/shared/ssd_30T/zhuoyingyang/physact/sam3_robowm/pipeline20_e2e_v1/motion_hybrid/Cosmos3_seed103_0026_hybrid_trace.csv,hybrid_candidate,/shared/ssd_30T/zhuoyingyang/physact/sam3_robowm/vlm_contact_oracle9/whole_video_causal_v1/candidate_rois/FRESH20/Cosmos3_seed103_0026/frame_0096,0,0,0.0,0.0,0.0,0,0,0.0,0.0,0.0,0,1,1.0,59.09895547664041,59.09895547664041,0.9463539631803854,0.03643524550306104,0.017210791316553502,3.542841406808402
FRESH20,Cosmos3_seed103_0026,UNSCORED,,white tape,97,GLOBAL_CLOSEST,0.0,0.0,0.0001314187221645,0.8523327899897447,0.1475357912880908,57.37021862829632,1,/shared/ssd_30T/zhuoyingyang/physact/sam3_robowm/pipeline20_e2e_v1/motion_hybrid/Cosmos3_seed103_0026_hybrid_trace.csv,hybrid_candidate,/shared/ssd_30T/zhuoyingyang/physact/sam3_robowm/vlm_contact_oracle9/whole_video_causal_v1/candidate_rois/FRESH20/Cosmos3_seed103_0026/frame_0097,0,0,0.0,0.0,0.0,0,0,0.0,0.0,0.0,0,1,1.0,57.37021862829632,57.37021862829632,0.9664451601977154,0.022789732447954358,0.010765107354330245,2.215997357830742
FRESH20,Cosmos3_seed103_0026,UNSCORED,,white tape,109,GLOBAL_CLOSEST,0.0,0.0,0.0002165688645996,0.8176884729700366,0.1820949581653637,59.093919465038205,1,/shared/ssd_30T/zhuoyingyang/physact/sam3_robowm/pipeline20_e2e_v1/motion_hybrid/Cosmos3_seed103_0026_hybrid_trace.csv,hybrid_candidate,/shared/ssd_30T/zhuoyingyang/physact/sam3_robowm/vlm_contact_oracle9/whole_video_causal_v1/candidate_rois/FRESH20/Cosmos3_seed103_0026/frame_0109,0,0,0.0,0.0,0.0,0,1,1.0,59.093919465038205,59.093919465038205,0,1,1.0,59.093919465038205,59.093919465038205,0.9688184309301979,0.022795553563622888,0.008386015506179269,1.9783792287990714
FRESH20,Cosmos3_seed103_0026,UNSCORED,,white tape,121,GLOBAL_CLOSEST,0.0,0.0,0.0001158310927106,0.7309738993160066,0.2689102695912826,63.43972192492859,1,/shared/ssd_30T/zhuoyingyang/physact/sam3_robowm/pipeline20_e2e_v1/motion_hybrid/Cosmos3_seed103_0026_hybrid_trace.csv,hybrid_candidate,/shared/ssd_30T/zhuoyingyang/physact/sam3_robowm/vlm_contact_oracle9/whole_video_causal_v1/candidate_rois/FRESH20/Cosmos3_seed103_0026/frame_0121,0,1,1.0,63.43972192492859,63.43972192492859,0,1,1.0,63.43972192492859,63.43972192492859,0,1,1.0,63.43972192492859,63.43972192492859,0.9321663696816845,0.046071156799938034,0.021762473518377488,4.47980519183465
FRESH20,Cosmos3_seed103_0026,UNSCORED,,white tape,127,TEMPORAL_BIN,0.0,0.0,5.835537618566668e-05,0.6799895717318672,0.3199520728919471,65.99468587578808,1,/shared/ssd_30T/zhuoyingyang/physact/sam3_robowm/pipeline20_e2e_v1/motion_hybrid/Cosmos3_seed103_0026_hybrid_trace.csv,hybrid_candidate,/shared/ssd_30T/zhuoyingyang/physact/sam3_robowm/vlm_contact_oracle9/whole_video_causal_v1/candidate_rois/FRESH20/Cosmos3_seed103_0026/frame_0127,0,1,1.0,65.99468587578808,65.99468587578808,0,1,1.0,65.99468587578808,65.99468587578808,0,1,1.0,65.99468587578808,65.99468587578808,0.5617016314080712,0.3406892610595999,0.09760910753232895,26.79537380621289
FRESH20,Cosmos3_seed103_0026,UNSCORED,,white tape,134,GLOBAL_CLOSEST,0.0,0.0,4.828884494355986e-05,0.2689284344993997,0.7310232766556567,86.54874939053565,1,/shared/ssd_30T/zhuoyingyang/physact/sam3_robowm/pipeline20_e2e_v1/motion_hybrid/Cosmos3_seed103_0026_hybrid_trace.csv,hybrid_candidate,/shared/ssd_30T/zhuoyingyang/physact/sam3_robowm/vlm_contact_oracle9/whole_video_causal_v1/candidate_rois/FRESH20/Cosmos3_seed103_0026/frame_0134,1,1,0.5,86.54874939053565,43.274374695267824,1,1,0.5,86.54874939053565,43.274374695267824,1,1,0.5,86.54874939053565,43.274374695267824,0.2802650653533347,0.35986746732333263,0.35986746732333263,53.980120098499896
FRESH20,Cosmos3_seed103_0026,UNSCORED,,white tape,146,GLOBAL_CLOSEST,0.0,0.0,0.0001687386811044,0.8523009767841682,0.1475302845347273,57.36807729268114,1,/shared/ssd_30T/zhuoyingyang/physact/sam3_robowm/pipeline20_e2e_v1/motion_hybrid/Cosmos3_seed103_0026_hybrid_trace.csv,hybrid_candidate,/shared/ssd_30T/zhuoyingyang/physact/sam3_robowm/vlm_contact_oracle9/whole_video_causal_v1/candidate_rois/FRESH20/Cosmos3_seed103_0026/frame_0146,1,0,0.0,0.0,0.0,1,1,0.5,57.36807729268114,28.68403864634057,1,1,0.5,57.36807729268114,28.68403864634057,0.9539685197642377,0.0288214226892176,0.017210057546544734,3.1620768891153532
FRESH20,Cosmos3_seed103_0026,UNSCORED,,white tape,187,TEMPORAL_BIN,0.0276970169801299,0.9549999833106996,0.0001911326071918,0.9523037620267276,0.0475051053660803,52.365698637944426,1,/shared/ssd_30T/zhuoyingyang/physact/sam3_robowm/pipeline20_e2e_v1/motion_hybrid/Cosmos3_seed103_0026_hybrid_trace.csv,hybrid_candidate,/shared/ssd_30T/zhuoyingyang/physact/sam3_robowm/vlm_contact_oracle9/whole_video_causal_v1/candidate_rois/FRESH20/Cosmos3_seed103_0026/frame_0187,0,1,1.0,52.365698637944426,52.365698637944426,1,1,0.5,52.365698637944426,26.182849318972213,1,1,0.5,52.365698637944426,26.182849318972213,0.8894120532999394,0.09443245800992511,0.01615548869013551,6.337171769509807
FRESH20,Cosmos3_seed103_0028,CONTACT,1.0,white tape roll,33,TEMPORAL_BIN,1.930411558448764,97.4380340576172,0.0945284548805755,0.9025720811000004,0.0028994640194237,45.418550456942405,1,/shared/ssd_30T/zhuoyingyang/physact/sam3_robowm/pipeline20_e2e_v1/motion_hybrid/Cosmos3_seed103_0028_hybrid_trace.csv,hybrid_candidate,/shared/ssd_30T/zhuoyingyang/physact/sam3_robowm/vlm_contact_oracle9/whole_video_causal_v1/candidate_rois/FRESH20/Cosmos3_seed103_0028/frame_0033,0,0,0.0,0.0,0.0,0,0,0.0,0.0,0.0,1,0,0.0,0.0,0.0,0.9934348443025804,0.0024786132727677647,0.004086542424651873,0.5325849061035756
FRESH20,Cosmos3_seed103_0028,CONTACT,1.0,white tape roll,64,TEMPORAL_BIN,1.0599861969168614,53.4027214050293,0.9624233258584513,0.0375731740272734,3.500114275219813e-06,1.8790087127911963,1,/shared/ssd_30T/zhuoyingyang/physact/sam3_robowm/pipeline20_e2e_v1/motion_hybrid/Cosmos3_seed103_0028_hybrid_trace.csv,hybrid_candidate,/shared/ssd_30T/zhuoyingyang/physact/sam3_robowm/vlm_contact_oracle9/whole_video_causal_v1/candidate_rois/FRESH20/Cosmos3_seed103_0028/frame_0064,0,0,0.0,0.0,0.0,0,1,1.0,1.8790087127911963,1.8790087127911963,0,1,1.0,1.8790087127911963,1.8790087127911963,0.9997832440751724,0.00015846127831421148,5.829464651354452e-05,0.013752528567065027
FRESH20,Cosmos3_seed103_0028,CONTACT,1.0,white tape roll,93,TEMPORAL_BIN,0.9986651778750184,50.55881118774414,0.0375717034705462,0.9623856580773036,4.263845215033266e-05,48.12354674908021,1,/shared/ssd_30T/zhuoyingyang/physact/sam3_robowm/pipeline20_e2e_v1/motion_hybrid/Cosmos3_seed103_0028_hybrid_trace.csv,hybrid_candidate,/shared/ssd_30T/zhuoyingyang/physact/sam3_robowm/vlm_contact_oracle9/whole_video_causal_v1/candidate_rois/FRESH20/Cosmos3_seed103_0028/frame_0093,1,0,0.0,0.0,0.0,1,0,0.0,0.0,0.0,1,0,0.0,0.0,0.0,0.9991856588172141,0.000553083185209473,0.00026125799757641897,0.05377995901811555
FRESH20,Cosmos3_seed103_0028,CONTACT,1.0,white tape roll,112,GLOBAL_CLOSEST,0.8197100789255553,41.38800430297852,0.0111074163865849,0.9886313622177184,0.0002612213956965,49.45769025045559,1,/shared/ssd_30T/zhuoyingyang/physact/sam3_robowm/pipeline20_e2e_v1/motion_hybrid/Cosmos3_seed103_0028_hybrid_trace.csv,hybrid_candidate,/shared/ssd_30T/zhuoyingyang/physact/sam3_robowm/vlm_contact_oracle9/whole_video_causal_v1/candidate_rois/FRESH20/Cosmos3_seed103_0028/frame_0112,0,0,0.0,0.0,0.0,0,0,0.0,0.0,0.0,1,1,0.5,49.45769025045559,24.728845125227792,0.9888711538622369,0.008650450557917768,0.002478395579845348,0.6803620858804232
FRESH20,Cosmos3_seed103_0028,CONTACT,1.0,white tape roll,124,TEMPORAL_BIN+GLOBAL_CLOSEST,0.353328618729205,17.800901412963867,0.0005530759879129,0.9969682094019916,0.0024787146100958,50.096281931109154,1,/shared/ssd_30T/zhuoyingyang/physact/sam3_robowm/pipeline20_e2e_v1/motion_hybrid/Cosmos3_seed103_0028_hybrid_trace.csv,hybrid_candidate,/shared/ssd_30T/zhuoyingyang/physact/sam3_robowm/vlm_contact_oracle9/whole_video_causal_v1/candidate_rois/FRESH20/Cosmos3_seed103_0028/frame_0124,0,0,0.0,0.0,0.0,0,1,1.0,50.096281931109154,50.096281931109154,0,1,1.0,50.096281931109154,50.096281931109154,0.9837683000887517,0.013828642220096584,0.002403057691151501,0.9317378801199794
FRESH20,Cosmos3_seed103_0028,CONTACT,1.0,white tape roll,137,GLOBAL_CLOSEST,0.2824526946172125,14.233699798583984,0.0009118485555735,0.9950015297391088,0.0040866217053177,50.15873865748721,1,/shared/ssd_30T/zhuoyingyang/physact/sam3_robowm/pipeline20_e2e_v1/motion_hybrid/Cosmos3_seed103_0028_hybrid_trace.csv,hybrid_candidate,/shared/ssd_30T/zhuoyingyang/physact/sam3_robowm/vlm_contact_oracle9/whole_video_causal_v1/candidate_rois/FRESH20/Cosmos3_seed103_0028/frame_0137,0,1,1.0,50.15873865748721,50.15873865748721,0,1,1.0,50.15873865748721,50.15873865748721,0,1,1.0,50.15873865748721,50.15873865748721,0.9864148262864497,0.01110689128285546,0.002478282430694738,0.8031728072122468
FRESH20,Cosmos3_seed103_0028,CONTACT,1.0,white tape roll,149,GLOBAL_CLOSEST,0.073503169008055,3.6935999393463135,0.0002034668744916,0.9705284405003888,0.0292680926251195,51.45323128753139,1,/shared/ssd_30T/zhuoyingyang/physact/sam3_robowm/pipeline20_e2e_v1/motion_hybrid/Cosmos3_seed103_0028_hybrid_trace.csv,hybrid_candidate,/shared/ssd_30T/zhuoyingyang/physact/sam3_robowm/vlm_contact_oracle9/whole_video_causal_v1/candidate_rois/FRESH20/Cosmos3_seed103_0028/frame_0149,1,1,0.5,51.45323128753139,25.72661564376569,1,1,0.5,51.45323128753139,25.72661564376569,1,1,0.5,51.45323128753139,25.72661564376569,0.7927741268889815,0.17654666323726176,0.030679209873756705,11.895254149238758
FRESH20,Cosmos3_seed103_0028,CONTACT,1.0,white tape roll,157,TEMPORAL_BIN,0.0379733897487715,1.909999966621399,0.0002612213956965,0.9886313622177184,0.0111074163865849,50.54230974954442,1,/shared/ssd_30T/zhuoyingyang/physact/sam3_robowm/pipeline20_e2e_v1/motion_hybrid/Cosmos3_seed103_0028_hybrid_trace.csv,hybrid_candidate,/shared/ssd_30T/zhuoyingyang/physact/sam3_robowm/vlm_contact_oracle9/whole_video_causal_v1/candidate_rois/FRESH20/Cosmos3_seed103_0028/frame_0157,1,1,0.5,50.54230974954442,25.27115487477221,1,1,0.5,50.54230974954442,25.27115487477221,1,1,0.5,50.54230974954442,25.27115487477221,0.8861992774052644,0.09304056616584903,0.020760156428886477,6.7280439511811
FRESH20,Cosmos3_seed103_0028,CONTACT,1.0,white tape roll,162,TEMPORAL_BIN+GLOBAL_CLOSEST,0.0189343570618525,0.9549999833106996,0.0004307400394292,0.9980658294974516,0.0015034304631188,50.05363452118448,1,/shared/ssd_30T/zhuoyingyang/physact/sam3_robowm/pipeline20_e2e_v1/motion_hybrid/Cosmos3_seed103_0028_hybrid_trace.csv,hybrid_candidate,/shared/ssd_30T/zhuoyingyang/physact/sam3_robowm/vlm_contact_oracle9/whole_video_causal_v1/candidate_rois/FRESH20/Cosmos3_seed103_0028/frame_0162,1,1,0.5,50.05363452118448,25.02681726059224,1,1,0.5,50.05363452118448,25.02681726059224,1,1,0.5,50.05363452118448,25.02681726059224,0.9748004998484936,0.022796741296335202,0.00240275885517116,1.3801129503338763
FRESH20,Cosmos3_seed103_0028,CONTACT,1.0,white tape roll,175,GLOBAL_CLOSEST,0.8686435607494748,43.8176155090332,0.3199607502256268,0.680008013545228,3.123622914525522e-05,34.003524300175926,1,/shared/ssd_30T/zhuoyingyang/physact/sam3_robowm/pipeline20_e2e_v1/motion_hybrid/Cosmos3_seed103_0028_hybrid_trace.csv,hybrid_candidate,/shared/ssd_30T/zhuoyingyang/physact/sam3_robowm/vlm_contact_oracle9/whole_video_causal_v1/candidate_rois/FRESH20/Cosmos3_seed103_0028/frame_0175,1,1,0.5,34.003524300175926,17.001762150087963,1,1,0.5,34.003524300175926,17.001762150087963,1,1,0.5,34.003524300175926,17.001762150087963,0.9997832440751724,0.00015846127831421148,5.829464651354452e-05,0.013752528567065027
FRESH20,Cosmos3_seed103_0035,CONTACT,1.0,yellow cube,25,TEMPORAL_BIN,5.492720375613327,88.41475677490234,0.9990870518390884,0.0009118804586658,1.0677022456495849e-06,0.0457007931578588,1,/shared/ssd_30T/zhuoyingyang/physact/sam3_robowm/pipeline20_e2e_v1/motion_hybrid/Cosmos3_seed103_0035_hybrid_trace.csv,hybrid_candidate,/shared/ssd_30T/zhuoyingyang/physact/sam3_robowm/vlm_contact_oracle9/whole_video_causal_v1/candidate_rois/FRESH20/Cosmos3_seed103_0035/frame_0025,0,0,0.0,0.0,0.0,0,0,0.0,0.0,0.0,0,0,0.0,0.0,0.0,0.9999890706698407,4.785117573316304e-06,6.144212585977302e-06,0.0008536771372635455
FRESH20,Cosmos3_seed103_0035,CONTACT,1.0,yellow cube,64,TEMPORAL_BIN,1.834692743302777,29.604999542236328,0.7310438621632775,0.2689360074844394,2.013035228290264e-05,13.448813409450263,1,/shared/ssd_30T/zhuoyingyang/physact/sam3_robowm/pipeline20_e2e_v1/motion_hybrid/Cosmos3_seed103_0035_hybrid_trace.csv,hybrid_candidate,/shared/ssd_30T/zhuoyingyang/physact/sam3_robowm/vlm_contact_oracle9/whole_video_causal_v1/candidate_rois/FRESH20/Cosmos3_seed103_0035/frame_0064,0,0,0.0,0.0,0.0,0,0,0.0,0.0,0.0,0,0,0.0,0.0,0.0,0.9999731682058812,1.0130093496681966e-05,1.6701700622160594e-05,0.002176674737050158
FRESH20,Cosmos3_seed103_0035,CONTACT,1.0,yellow cube,92,TEMPORAL_BIN+GLOBAL_CLOSEST,0.0,0.0,0.0375708208211671,0.9618932602024868,0.0005359189763462,48.14825490775896,1,/shared/ssd_30T/zhuoyingyang/physact/sam3_robowm/pipeline20_e2e_v1/motion_hybrid/Cosmos3_seed103_0035_hybrid_trace.csv,hybrid_candidate,/shared/ssd_30T/zhuoyingyang/physact/sam3_robowm/vlm_contact_oracle9/whole_video_causal_v1/candidate_rois/FRESH20/Cosmos3_seed103_0035/frame_0092,0,0,0.0,0.0,0.0,0,1,1.0,48.14825490775896,48.14825490775896,0,1,1.0,48.14825490775896,48.14825490775896,0.99963807016078,0.0002034684505788106,0.00015846138864110315,0.026019561393050845
FRESH20,Cosmos3_seed103_0035,CONTACT,1.0,yellow cube,100,TEMPORAL_BIN,0.0,0.0,0.0227985670677772,0.9766652620260414,0.0005361709061811,48.88688019192019,1,/shared/ssd_30T/zhuoyingyang/physact/sam3_robowm/pipeline20_e2e_v1/motion_hybrid/Cosmos3_seed103_0035_hybrid_trace.csv,hybrid_candidate,/shared/ssd_30T/zhuoyingyang/physact/sam3_robowm/vlm_contact_oracle9/whole_video_causal_v1/candidate_rois/FRESH20/Cosmos3_seed103_0035/frame_0100,0,0,0.0,0.0,0.0,0,1,1.0,48.88688019192019,48.88688019192019,0,1,1.0,48.88688019192019,48.88688019192019,0.9997454272590109,0.00015846117809825976,9.611156289077859e-05,0.017534215193990847
FRESH20,Cosmos3_seed103_0035,CONTACT,1.0,yellow cube,104,GLOBAL_CLOSEST,0.0,0.0,0.0024786919025969,0.995590900902668,0.0019304071947352,49.97258576460692,1,/shared/ssd_30T/zhuoyingyang/physact/sam3_robowm/pipeline20_e2e_v1/motion_hybrid/Cosmos3_seed103_0035_hybrid_trace.csv,hybrid_candidate,/shared/ssd_30T/zhuoyingyang/physact/sam3_robowm/vlm_contact_oracle9/whole_video_causal_v1/candidate_rois/FRESH20/Cosmos3_seed103_0035/frame_0104,0,1,1.0,49.97258576460692,49.97258576460692,0,1,1.0,49.97258576460692,49.97258576460692,0,1,1.0,49.97258576460692,49.97258576460692,0.9984936645003686,0.0011708743747459874,0.00033546112488540123,0.0920898312258395
FRESH20,Cosmos3_seed103_0035,CONTACT,1.0,yellow cube,116,GLOBAL_CLOSEST,0.0,0.0,0.0009118023847186,0.9904372574541096,0.0086509401611718,50.38695688882267,1,/shared/ssd_30T/zhuoyingyang/physact/sam3_robowm/pipeline20_e2e_v1/motion_hybrid/Cosmos3_seed103_0035_hybrid_trace.csv,hybrid_candidate,/shared/ssd_30T/zhuoyingyang/physact/sam3_robowm/vlm_contact_oracle9/whole_video_causal_v1/candidate_rois/FRESH20/Cosmos3_seed103_0035/frame_0116,1,1,0.5,50.38695688882267,25.193478444411333,1,1,0.5,50.38695688882267,25.193478444411333,1,1,0.5,50.38695688882267,25.193478444411333,0.997157687276334,0.0019304382583090734,0.0009118744653568256,0.18770935945113623
FRESH20,Cosmos3_seed103_0035,CONTACT,1.0,yellow cube,127,TEMPORAL_BIN,0.0,0.0,0.000553033884765,0.9907960606363728,0.0086509054788621,50.40489357970485,1,/shared/ssd_30T/zhuoyingyang/physact/sam3_robowm/pipeline20_e2e_v1/motion_hybrid/Cosmos3_seed103_0035_hybrid_trace.csv,hybrid_candidate,/shared/ssd_30T/zhuoyingyang/physact/sam3_robowm/vlm_contact_oracle9/whole_video_causal_v1/candidate_rois/FRESH20/Cosmos3_seed103_0035/frame_0127,1,1,0.5,50.40489357970485,25.202446789852427,1,1,0.5,50.40489357970485,25.202446789852427,1,1,0.5,50.40489357970485,25.202446789852427,0.9944099070924243,0.0040866853754219605,0.0015034075321537369,0.3546750219864717
FRESH20,Cosmos3_seed103_0035,CONTACT,1.0,yellow cube,128,GLOBAL_CLOSEST,0.0,0.0,0.0011707573015931,0.990178451318702,0.0086507913797047,50.37400170390557,1,/shared/ssd_30T/zhuoyingyang/physact/sam3_robowm/pipeline20_e2e_v1/motion_hybrid/Cosmos3_seed103_0035_hybrid_trace.csv,hybrid_candidate,/shared/ssd_30T/zhuoyingyang/physact/sam3_robowm/vlm_contact_oracle9/whole_video_causal_v1/candidate_rois/FRESH20/Cosmos3_seed103_0035/frame_0128,1,1,0.5,50.37400170390557,25.187000851952785,1,1,0.5,50.37400170390557,25.187000851952785,1,1,0.5,50.37400170390557,25.187000851952785,0.9960178992848394,0.0024786957479371948,0.0015034049672232458,0.2742752841191843
FRESH20,Cosmos3_seed103_0035,CONTACT,1.0,yellow cube,140,GLOBAL_CLOSEST,0.0,0.0,6.61247904680555e-05,0.6799842883028603,0.3199495869066717,65.99417310581018,1,/shared/ssd_30T/zhuoyingyang/physact/sam3_robowm/pipeline20_e2e_v1/motion_hybrid/Cosmos3_seed103_0035_hybrid_trace.csv,hybrid_candidate,/shared/ssd_30T/zhuoyingyang/physact/sam3_robowm/vlm_contact_oracle9/whole_video_causal_v1/candidate_rois/FRESH20/Cosmos3_seed103_0035/frame_0140,1,1,0.5,65.99417310581018,32.99708655290509,1,1,0.5,65.99417310581018,32.99708655290509,1,1,0.5,65.99417310581018,32.99708655290509,0.6839569991244067,0.19672391495604902,0.1193190859195444,21.768104339756892
FRESH20,Cosmos3_seed103_0035,CONTACT,1.0,yellow cube,152,GLOBAL_CLOSEST,0.0,0.0,0.0004175793449335,0.9818264950876155,0.0177559255674509,50.86691731112587,1,/shared/ssd_30T/zhuoyingyang/physact/sam3_robowm/pipeline20_e2e_v1/motion_hybrid/Cosmos3_seed103_0035_hybrid_trace.csv,hybrid_candidate,/shared/ssd_30T/zhuoyingyang/physact/sam3_robowm/vlm_contact_oracle9/whole_video_causal_v1/candidate_rois/FRESH20/Cosmos3_seed103_0035/frame_0152,1,1,0.5,50.86691731112587,25.433458655562934,1,1,0.5,50.86691731112587,25.433458655562934,1,1,0.5,50.86691731112587,25.433458655562934,0.9888711538622369,0.008650450557917768,0.002478395579845348,0.6803620858804232
FRESH20,Cosmos3_seed103_0035,CONTACT,1.0,yellow cube,158,TEMPORAL_BIN,0.0,0.0,7.483085371145933e-05,0.3779714840391992,0.6219536851070894,81.0939427126689,1,/shared/ssd_30T/zhuoyingyang/physact/sam3_robowm/pipeline20_e2e_v1/motion_hybrid/Cosmos3_seed103_0035_hybrid_trace.csv,hybrid_candidate,/shared/ssd_30T/zhuoyingyang/physact/sam3_robowm/vlm_contact_oracle9/whole_video_causal_v1/candidate_rois/FRESH20/Cosmos3_seed103_0035/frame_0158,1,1,0.5,81.0939427126689,40.54697135633445,1,1,0.5,81.0939427126689,40.54697135633445,1,1,0.5,81.0939427126689,40.54697135633445,0.7523482647494262,0.1681997833960136,0.0794519518545603,16.35518435525671
FRESH20,Cosmos3_seed103_0036,CONTACT,1.0,white tape roll,33,TEMPORAL_BIN,0.7867448173164417,31.51499938964844,0.1194052391398429,0.8805704656708979,2.429518925910978e-05,44.03095280247081,0,/shared/ssd_30T/zhuoyingyang/physact/sam3_robowm/pipeline20_e2e_v1/motion_hybrid/Cosmos3_seed103_0036_hybrid_trace.csv,hybrid_candidate,/shared/ssd_30T/zhuoyingyang/physact/sam3_robowm/vlm_contact_oracle9/whole_video_causal_v1/candidate_rois/FRESH20/Cosmos3_seed103_0036/frame_0033,0,0,0.0,0.0,0.0,0,0,0.0,0.0,0.0,0,0,0.0,0.0,0.0,0.9998963054299711,5.829465053975836e-05,4.53999194892377e-05,0.007454724475911688
FRESH20,Cosmos3_seed103_0036,CONTACT,1.0,white tape roll,63,TEMPORAL_BIN,0.0688603212204153,2.738600015640259,0.0001583710862616,0.7768385345332696,0.2230030943804687,61.142236164710354,0,/shared/ssd_30T/zhuoyingyang/physact/sam3_robowm/pipeline20_e2e_v1/motion_hybrid/Cosmos3_seed103_0036_hybrid_trace.csv,hybrid_candidate,/shared/ssd_30T/zhuoyingyang/physact/sam3_robowm/vlm_contact_oracle9/whole_video_causal_v1/candidate_rois/FRESH20/Cosmos3_seed103_0036/frame_0063,0,0,0.0,0.0,0.0,0,0,0.0,0.0,0.0,0,0,0.0,0.0,0.0,0.77662710927601,0.1736277169499469,0.049745173774043104,13.655903224901655
FRESH20,Cosmos3_seed103_0036,CONTACT,1.0,white tape roll,69,TEMPORAL_BIN+GLOBAL_CLOSEST,0.0,0.0,9.610987697311774e-05,0.9706361230729262,0.0292677670501005,51.45858285865637,0,/shared/ssd_30T/zhuoyingyang/physact/sam3_robowm/pipeline20_e2e_v1/motion_hybrid/Cosmos3_seed103_0036_hybrid_trace.csv,hybrid_candidate,/shared/ssd_30T/zhuoyingyang/physact/sam3_robowm/vlm_contact_oracle9/whole_video_causal_v1/candidate_rois/FRESH20/Cosmos3_seed103_0036/frame_0069,0,0,0.0,0.0,0.0,0,0,0.0,0.0,0.0,0,0,0.0,0.0,0.0,0.9151307256991691,0.07475260881427524,0.01011666548655565,4.749296989369327
FRESH20,Cosmos3_seed103_0036,CONTACT,1.0,white tape roll,81,GLOBAL_CLOSEST,0.0,0.0,0.0001488605177334,0.952344025592228,0.0475071138900385,52.36791266861525,0,/shared/ssd_30T/zhuoyingyang/physact/sam3_robowm/pipeline20_e2e_v1/motion_hybrid/Cosmos3_seed103_0036_hybrid_trace.csv,hybrid_candidate,/shared/ssd_30T/zhuoyingyang/physact/sam3_robowm/vlm_contact_oracle9/whole_video_causal_v1/candidate_rois/FRESH20/Cosmos3_seed103_0036/frame_0081,0,0,0.0,0.0,0.0,0,0,0.0,0.0,0.0,0,0,0.0,0.0,0.0,0.9122745531409703,0.07473794025547263,0.012987506603557247,5.035647673129357
FRESH20,Cosmos3_seed103_0036,CONTACT,1.0,white tape roll,93,GLOBAL_CLOSEST,0.0,0.0,0.000519581278036,0.9394249884464468,0.0600554302755173,52.97679244987407,0,/shared/ssd_30T/zhuoyingyang/physact/sam3_robowm/pipeline20_e2e_v1/motion_hybrid/Cosmos3_seed103_0036_hybrid_trace.csv,hybrid_candidate,/shared/ssd_30T/zhuoyingyang/physact/sam3_robowm/vlm_contact_oracle9/whole_video_causal_v1/candidate_rois/FRESH20/Cosmos3_seed103_0036/frame_0093,0,0,0.0,0.0,0.0,0,0,0.0,0.0,0.0,0,0,0.0,0.0,0.0,0.9771570642514806,0.01775581078614639,0.005087124962372845,1.396503035544604
FRESH20,Cosmos3_seed103_0036,CONTACT,1.0,white tape roll,96,TEMPORAL_BIN,0.0,0.0,0.0004877557550477,0.8801623460693184,0.1193498981756338,55.943107121029314,0,/shared/ssd_30T/zhuoyingyang/physact/sam3_robowm/pipeline20_e2e_v1/motion_hybrid/Cosmos3_seed103_0036_hybrid_trace.csv,hybrid_candidate,/shared/ssd_30T/zhuoyingyang/physact/sam3_robowm/vlm_contact_oracle9/whole_video_causal_v1/candidate_rois/FRESH20/Cosmos3_seed103_0036/frame_0096,0,0,0.0,0.0,0.0,0,0,0.0,0.0,0.0,0,0,0.0,0.0,0.0,0.9633874165372128,0.022789844215818665,0.013822739246968639,2.521766135487797
FRESH20,Cosmos3_seed103_0036,CONTACT,1.0,white tape roll,105,GLOBAL_CLOSEST,0.0,0.0,0.0003919342528282,0.9037049161020932,0.0959031496450784,54.77556076961251,0,/shared/ssd_30T/zhuoyingyang/physact/sam3_robowm/pipeline20_e2e_v1/motion_hybrid/Cosmos3_seed103_0036_hybrid_trace.csv,hybrid_candidate,/shared/ssd_30T/zhuoyingyang/physact/sam3_robowm/vlm_contact_oracle9/whole_video_causal_v1/candidate_rois/FRESH20/Cosmos3_seed103_0036/frame_0105,0,0,0.0,0.0,0.0,0,0,0.0,0.0,0.0,0,0,0.0,0.0,0.0,0.9495992389678247,0.0370001828443497,0.01340057818782558,3.190066961000043
FRESH20,Cosmos3_seed103_0036,CONTACT,1.0,white tape roll,117,GLOBAL_CLOSEST,0.0,0.0,0.0001397930130783,0.8804687592274162,0.1193914477595055,55.96258273732136,0,/shared/ssd_30T/zhuoyingyang/physact/sam3_robowm/pipeline20_e2e_v1/motion_hybrid/Cosmos3_seed103_0036_hybrid_trace.csv,hybrid_candidate,/shared/ssd_30T/zhuoyingyang/physact/sam3_robowm/vlm_contact_oracle9/whole_video_causal_v1/candidate_rois/FRESH20/Cosmos3_seed103_0036/frame_0117,0,0,0.0,0.0,0.0,0,0,0.0,0.0,0.0,0,0,0.0,0.0,0.0,0.8894120532999394,0.09443245800992511,0.01615548869013551,6.337171769509807
FRESH20,Cosmos3_seed103_0036,CONTACT,1.0,white tape roll,127,TEMPORAL_BIN,0.0,0.0,0.0003572966666786,0.8174279131977708,0.1822147901355505,59.0928746734436,0,/shared/ssd_30T/zhuoyingyang/physact/sam3_robowm/pipeline20_e2e_v1/motion_hybrid/Cosmos3_seed103_0036_hybrid_trace.csv,hybrid_candidate,/shared/ssd_30T/zhuoyingyang/physact/sam3_robowm/vlm_contact_oracle9/whole_video_causal_v1/candidate_rois/FRESH20/Cosmos3_seed103_0036/frame_0127,0,0,0.0,0.0,0.0,0,0,0.0,0.0,0.0,0,0,0.0,0.0,0.0,0.887128078773841,0.05643596061307948,0.05643596061307948,8.465394091961922
FRESH20,Cosmos3_seed103_0036,CONTACT,1.0,white tape roll,129,GLOBAL_CLOSEST,0.0,0.0,0.0002033433533568,0.7768035928094459,0.2229930638371971,61.13948602419201,0,/shared/ssd_30T/zhuoyingyang/physact/sam3_robowm/pipeline20_e2e_v1/motion_hybrid/Cosmos3_seed103_0036_hybrid_trace.csv,hybrid_candidate,/shared/ssd_30T/zhuoyingyang/physact/sam3_robowm/vlm_contact_oracle9/whole_video_causal_v1/candidate_rois/FRESH20/Cosmos3_seed103_0036/frame_0129,0,0,0.0,0.0,0.0,0,0,0.0,0.0,0.0,0,0,0.0,0.0,0.0,0.9573649295929945,0.02881127134300908,0.01382379906399643,2.822943473550097
FRESH20,Cosmos3_seed103_0036,CONTACT,1.0,white tape roll,165,TEMPORAL_BIN,0.0,0.0,0.0001488605177334,0.952344025592228,0.0475071138900385,52.36791266861525,0,/shared/ssd_30T/zhuoyingyang/physact/sam3_robowm/pipeline20_e2e_v1/motion_hybrid/Cosmos3_seed103_0036_hybrid_trace.csv,hybrid_candidate,/shared/ssd_30T/zhuoyingyang/physact/sam3_robowm/vlm_contact_oracle9/whole_video_causal_v1/candidate_rois/FRESH20/Cosmos3_seed103_0036/frame_0165,0,0,0.0,0.0,0.0,0,0,0.0,0.0,0.0,0,0,0.0,0.0,0.0,0.9085978509244804,0.07472806415339125,0.01667408492212833,5.403811699882396
